ligand_chembl_id,min_value,max_value,avg,activity_comment,max_phase,target_chembl_id,target_accession,target_pref_name,target_organism,assay_description,canonical_smiles,molecular_weight
CHEMBL1008,3210.0,5080.0,4145.0,,4.0,CHEMBL4434621,,Ebolavirus,,Antiviral activity against Ebolavirus infected in human HepG2 cells assessed as reduction in virus entry after 48 hrs by Celltiter-Glo luminescent assay,CC(C)COCC(CN(Cc1ccccc1)c1ccccc1)N1CCCC1,366.55
CHEMBL106209,13.0,13.0,13.0,,,CHEMBL378,,Human immunodeficiency virus 1,,Concentration required to inhibit the entry of HIV-1 reporter virus [ADA] into U-87 cells,Cc1cccc(C)c1C(=O)N1CCC(C)(N2CCC(C(=O)c3ccc(Br)cc3)CC2)CC1,497.48
CHEMBL106247,10.0,10.0,10.0,,,CHEMBL378,,Human immunodeficiency virus 1,,Concentration required to inhibit the entry of HIV-1 reporter virus [ADA] into U-87 cells,Cc1cccc(C)c1C(=O)N1CCC(C)(N2CCC(Cc3ccc(Br)cc3)CC2)CC1,483.49
CHEMBL1076150,2310.0,2310.0,2310.0,,,CHEMBL379,,Hepatitis C virus,,Antiviral activity against HCV expressing E1E2 glycoprotein with Vpr-deficient HIV vector assessed as inhibition of pseudoparticle entry in human Huh7 cells preincubated for 20 mins measured after 72 hrs by luciferase reporter gene assay,COC(=O)C1=COC(O)[C@H]2[C@@H]1[C@H](O)[C@H](O)C2(C)O,260.24
CHEMBL1079188,3200.0,4700.0,3950.0,,,CHEMBL612545,,Unchecked,,Inhibition of HIV1 envelope glycoprotein 41-mediated membrane fusion between virus-transfected human HL2/3 cells and human TZM-bl cells after 6 hrs by fluorescence-based cell-cell fusion assay,O=C(O)c1cccc(Cc2ccc3cc[nH]c3c2)c1,251.28
CHEMBL1079189,3700.0,5300.0,4500.0,,,CHEMBL612545,,Unchecked,,Inhibition of HIV1 envelope glycoprotein 41-mediated membrane fusion between virus-transfected human HL2/3 cells and human TZM-bl cells after 6 hrs by fluorescence-based cell-cell fusion assay,COc1ccc(Cn2ccc3ccc(Cc4cccc(C(=O)O)c4)cc32)cc1,371.44
CHEMBL1082527,1100.0,1700.0,1400.0,,,CHEMBL612545,,Unchecked,,Inhibition of HIV1 envelope glycoprotein 41-mediated membrane fusion between virus-transfected human HL2/3 cells and human TZM-bl cells after 6 hrs by fluorescence-based cell-cell fusion assay,COc1cccc(-n2ccc3ccc(Cc4cccc(C(=O)O)c4)cc32)c1,357.41
CHEMBL1096109,6760.0,6760.83,6760.4,,,CHEMBL612545,,Unchecked,,Inhibition of HIV1 gp120 binding to CD4 in human HeLa cells by cell fusion assay,C=CCn1cc(C(=O)C(=O)N2CCN(C(=O)c3ccccc3)CC2)c2ccccc21,401.47
CHEMBL1162110,9540.0,9540.0,9540.0,Active,,CHEMBL1293311,Q6QLK5,Envelope glycoprotein gp160,Human immunodeficiency virus 1,"PUBCHEM_BIOASSAY: uHTS fluorescence assay for the identification of Human Immunodeficiency Virus Fusion Inhibitors. (Class of assay: confirmatory) [Related pubchem assays (depositor defined):AID1991, AID434967]",O=C(COc1ccc(Cl)cc1Cl)Nc1ccc(C(=O)Nc2ccccc2C(=O)O)cc1,459.29
CHEMBL1200467,6310.0,6310.0,6310.0,Active,4.0,CHEMBL1293311,Q6QLK5,Envelope glycoprotein gp160,Human immunodeficiency virus 1,"PUBCHEM_BIOASSAY: uHTS fluorescence assay for the identification of Human Immunodeficiency Virus Fusion Inhibitors. (Class of assay: confirmatory) [Related pubchem assays (depositor defined):AID1991, AID434967]",O=C(O)c1cc2ccccc2c(Cc2c(O)c(C(=O)O)cc3ccccc23)c1O.OCCOCCN1CCN(C(c2ccccc2)c2ccc(Cl)cc2)CC1,374.91
CHEMBL1229,22.0,22.0,22.0,,4.0,CHEMBL613740,,Influenza A virus,,Antiviral activity against group 2 influenza A virus H3N2 (A/Hong Kong-11/1968) infected in human A549 cells assessed as inhibition of viral entry preincubated with compound for 30 mins followed by viral infection for 1 hour further incubated for 48 hrs with replacement of fresh medium containing compound,CCOC(=O)C1=C[C@@H](OC(CC)CC)[C@H](NC(C)=O)[C@@H](N)C1,312.41
CHEMBL1242210,0.56,1.99,1.6,,,CHEMBL3520,P04578,Envelope glycoprotein gp160,Human immunodeficiency virus type 1 group M subtype B (isolate HXB2)(HIV-1),Inhibition of HIV1 HXB2 gp120-mediated viral infusion into HEK293 cells after 24 hrs by luciferase reporter gene assay in presence of alpha-acid glycoprotein and human serum albumin,CN1CCN(c2cccc3nc(CN(C)[C@H]4CCCc5cccnc54)c(CO)n23)CC1,420.56
CHEMBL1304374,4810.0,4810.0,4810.0,Active,,CHEMBL1293311,Q6QLK5,Envelope glycoprotein gp160,Human immunodeficiency virus 1,"PUBCHEM_BIOASSAY: uHTS fluorescence assay for the identification of Human Immunodeficiency Virus Fusion Inhibitors. (Class of assay: confirmatory) [Related pubchem assays (depositor defined):AID1991, AID434967]",COc1cc(Cl)cc(C(c2c(C(=O)O)[nH]c3ccccc23)c2c(C(=O)O)[nH]c3ccccc23)c1O,490.90
CHEMBL1308055,6320.0,6320.0,6320.0,Active,,CHEMBL1293311,Q6QLK5,Envelope glycoprotein gp160,Human immunodeficiency virus 1,"PUBCHEM_BIOASSAY: uHTS fluorescence assay for the identification of Human Immunodeficiency Virus Fusion Inhibitors. (Class of assay: confirmatory) [Related pubchem assays (depositor defined):AID1991, AID434967]",Cc1ccc(-n2cccc2/C=C2/C(=N)N3C(=NC2=O)SN=C3S(C)(=O)=O)cc1Cl,447.93
CHEMBL1312639,6100.0,6100.0,6100.0,,,CHEMBL379,,Hepatitis C virus,,Antiviral activity against HCV genotype-1 pseudoparticle expressing envelope protein E1 and E2 assessed as inhibition of pseudoparticles entry into human Huh-H1 cells after 2 days by luciferase reporter gene assay,Cc1ccccc1-c1nn(-c2ccc(F)cc2F)cc1CNCCCN(C)C,384.47
CHEMBL1326647,8830.0,8830.0,8830.0,Active,,CHEMBL1293311,Q6QLK5,Envelope glycoprotein gp160,Human immunodeficiency virus 1,"PUBCHEM_BIOASSAY: uHTS fluorescence assay for the identification of Human Immunodeficiency Virus Fusion Inhibitors. (Class of assay: confirmatory) [Related pubchem assays (depositor defined):AID1991, AID434967]",O=C(Nc1cccc(C(F)(F)F)c1)c1cccc(NS(=O)(=O)c2ccc(O)c(C(=O)O)c2)c1,480.42
CHEMBL135339,2.57,2.59,2.6,,,CHEMBL612545,,Unchecked,,Inhibition of HIV1 gp120 binding to CD4 in human HeLa cells by cell fusion assay,O=C(C(=O)N1CCN(C(=O)c2ccccc2)CC1)c1c[nH]c2cccc(F)c12,379.39
CHEMBL1374603,8250.0,8250.0,8250.0,Active,,CHEMBL1293311,Q6QLK5,Envelope glycoprotein gp160,Human immunodeficiency virus 1,"PUBCHEM_BIOASSAY: uHTS fluorescence assay for the identification of Human Immunodeficiency Virus Fusion Inhibitors. (Class of assay: confirmatory) [Related pubchem assays (depositor defined):AID1991, AID434967]",COc1ccc(NS(=O)(=O)c2ccc3c(c2)[C@H]2C=CC[C@H]2[C@@H](c2ccc(C(=O)O)cc2)N3)cc1,476.55
CHEMBL1379894,9830.0,9830.0,9830.0,Active,,CHEMBL1293311,Q6QLK5,Envelope glycoprotein gp160,Human immunodeficiency virus 1,"PUBCHEM_BIOASSAY: uHTS fluorescence assay for the identification of Human Immunodeficiency Virus Fusion Inhibitors. (Class of assay: confirmatory) [Related pubchem assays (depositor defined):AID1991, AID434967]",CC1(C)CC(=O)C2=C(C1)c1c(ccc3ccccc13)NC2c1cc([N+](=O)[O-])cc([N+](=O)[O-])c1O,459.46
CHEMBL1398964,8250.0,8250.0,8250.0,Active,,CHEMBL1293311,Q6QLK5,Envelope glycoprotein gp160,Human immunodeficiency virus 1,"PUBCHEM_BIOASSAY: uHTS fluorescence assay for the identification of Human Immunodeficiency Virus Fusion Inhibitors. (Class of assay: confirmatory) [Related pubchem assays (depositor defined):AID1991, AID434967]",O=C(O)c1cc(N2N=C(C(F)(F)F)/C(=C/C=C/c3ccco3)C2=O)ccc1Cl,410.74
CHEMBL1400127,5010.0,5010.0,5010.0,Active,,CHEMBL1293311,Q6QLK5,Envelope glycoprotein gp160,Human immunodeficiency virus 1,"PUBCHEM_BIOASSAY: uHTS fluorescence assay for the identification of Human Immunodeficiency Virus Fusion Inhibitors. (Class of assay: confirmatory) [Related pubchem assays (depositor defined):AID1991, AID434967]",C=CCOc1ccc(C(c2c(C(=O)O)[nH]c3ccccc23)c2c(C(=O)O)[nH]c3ccccc23)cc1,466.49
CHEMBL1417070,5020.0,5020.0,5020.0,Active,,CHEMBL1293311,Q6QLK5,Envelope glycoprotein gp160,Human immunodeficiency virus 1,"PUBCHEM_BIOASSAY: uHTS fluorescence assay for the identification of Human Immunodeficiency Virus Fusion Inhibitors. (Class of assay: confirmatory) [Related pubchem assays (depositor defined):AID1991, AID434967]",Cc1c(Cl)cccc1NS(=O)(=O)c1ccc2c(c1)C1C=CCC1C(c1ccc(C(=O)O)cc1)N2,495.00
CHEMBL1421172,5140.0,5140.0,5140.0,Active,,CHEMBL1293311,Q6QLK5,Envelope glycoprotein gp160,Human immunodeficiency virus 1,"PUBCHEM_BIOASSAY: uHTS fluorescence assay for the identification of Human Immunodeficiency Virus Fusion Inhibitors. (Class of assay: confirmatory) [Related pubchem assays (depositor defined):AID1991, AID434967]",CCCCN1C(=O)/C(=C/C=C/c2ccco2)C(=O)NC1=S,304.37
CHEMBL1424929,2040.0,2040.0,2040.0,Active,,CHEMBL1293311,Q6QLK5,Envelope glycoprotein gp160,Human immunodeficiency virus 1,"PUBCHEM_BIOASSAY: uHTS fluorescence assay for the identification of Human Immunodeficiency Virus Fusion Inhibitors. (Class of assay: confirmatory) [Related pubchem assays (depositor defined):AID1991, AID434967]",CC(=O)Nc1sc(/C(C#N)=C/c2ccc(Cl)c(Cl)c2)nc1-c1ccc(C)cc1,428.34
CHEMBL1440277,8090.0,8090.0,8090.0,Active,,CHEMBL1293311,Q6QLK5,Envelope glycoprotein gp160,Human immunodeficiency virus 1,"PUBCHEM_BIOASSAY: uHTS fluorescence assay for the identification of Human Immunodeficiency Virus Fusion Inhibitors. (Class of assay: confirmatory) [Related pubchem assays (depositor defined):AID1991, AID434967]",CC(C)COc1ccc(-c2nn(-c3ccccc3)cc2/C=C2/SC(=S)N(CC(=O)O)C2=O)cc1,493.61
CHEMBL1448,1220.0,1220.0,1220.0,,4.0,CHEMBL612237,,Human adenovirus 5,,Antiviral activity against wild-type Human adenovirus 5 infected in human A549 cells assessed as inhibition of virus entry incubated for 48 hrs by fluorescence assay,O=C(Nc1ccc([N+](=O)[O-])cc1Cl)c1cc(Cl)ccc1O,327.12
CHEMBL1452254,5780.0,5780.0,5780.0,Active,,CHEMBL1293311,Q6QLK5,Envelope glycoprotein gp160,Human immunodeficiency virus 1,"PUBCHEM_BIOASSAY: uHTS fluorescence assay for the identification of Human Immunodeficiency Virus Fusion Inhibitors. (Class of assay: confirmatory) [Related pubchem assays (depositor defined):AID1991, AID434967]",O=C1NC(=S)N(c2ccc(F)cc2)C(=O)/C1=C\c1ccoc1,316.31
CHEMBL1460470,8220.0,8220.0,8220.0,Active,,CHEMBL1293311,Q6QLK5,Envelope glycoprotein gp160,Human immunodeficiency virus 1,"PUBCHEM_BIOASSAY: uHTS fluorescence assay for the identification of Human Immunodeficiency Virus Fusion Inhibitors. (Class of assay: confirmatory) [Related pubchem assays (depositor defined):AID1991, AID434967]",NS(=O)(=O)c1cc(C(=O)NC2CCSc3ccccc32)ccc1Cl,382.89
CHEMBL1462469,9370.0,9370.0,9370.0,Active,,CHEMBL1293311,Q6QLK5,Envelope glycoprotein gp160,Human immunodeficiency virus 1,"PUBCHEM_BIOASSAY: uHTS fluorescence assay for the identification of Human Immunodeficiency Virus Fusion Inhibitors. (Class of assay: confirmatory) [Related pubchem assays (depositor defined):AID1991, AID434967]",COc1ccc(-c2csc(NC(=O)CSc3nc(C)nc4sc(C(=O)O)c(C)c34)n2)cc1,486.60
CHEMBL1465297,8880.0,8880.0,8880.0,Active,,CHEMBL1293311,Q6QLK5,Envelope glycoprotein gp160,Human immunodeficiency virus 1,"PUBCHEM_BIOASSAY: uHTS fluorescence assay for the identification of Human Immunodeficiency Virus Fusion Inhibitors. (Class of assay: confirmatory) [Related pubchem assays (depositor defined):AID1991, AID434967]",COc1cc(/C=C(\C#N)c2nc3ccccc3s2)cc([N+](=O)[O-])c1O,353.36
CHEMBL1492565,6340.0,6340.0,6340.0,Active,,CHEMBL1293311,Q6QLK5,Envelope glycoprotein gp160,Human immunodeficiency virus 1,"PUBCHEM_BIOASSAY: uHTS fluorescence assay for the identification of Human Immunodeficiency Virus Fusion Inhibitors. (Class of assay: confirmatory) [Related pubchem assays (depositor defined):AID1991, AID434967]",N=C1/C(=C/c2ccc(-c3cccc(C(=O)O)c3)o2)C(=O)N=C2SC=C(c3ccccc3)N12,441.47
CHEMBL1501743,6640.0,6640.0,6640.0,Active,,CHEMBL1293311,Q6QLK5,Envelope glycoprotein gp160,Human immunodeficiency virus 1,"PUBCHEM_BIOASSAY: uHTS fluorescence assay for the identification of Human Immunodeficiency Virus Fusion Inhibitors. (Class of assay: confirmatory) [Related pubchem assays (depositor defined):AID1991, AID434967]",N=C1/C(=C\c2ccc(-c3cccc(C(=O)O)c3)o2)C(=O)N=C2SC=C(c3ccccc3)N12,441.47
CHEMBL1504817,7720.0,7720.0,7720.0,Active,,CHEMBL1293311,Q6QLK5,Envelope glycoprotein gp160,Human immunodeficiency virus 1,"PUBCHEM_BIOASSAY: uHTS fluorescence assay for the identification of Human Immunodeficiency Virus Fusion Inhibitors. (Class of assay: confirmatory) [Related pubchem assays (depositor defined):AID1991, AID434967]",O=C1NN(c2ccc(F)c(Cl)c2)C(=O)/C1=C\c1cccc(OC(=O)c2cccs2)c1,442.86
CHEMBL1505688,9840.0,9840.0,9840.0,Active,,CHEMBL1293311,Q6QLK5,Envelope glycoprotein gp160,Human immunodeficiency virus 1,"PUBCHEM_BIOASSAY: uHTS fluorescence assay for the identification of Human Immunodeficiency Virus Fusion Inhibitors. (Class of assay: confirmatory) [Related pubchem assays (depositor defined):AID1991, AID434967]",O=C(O)CCCCCN1C(=O)/C(=C\c2cn(-c3ccccc3)nc2-c2cccs2)SC1=S,483.64
CHEMBL1509704,8990.0,8990.0,8990.0,Active,,CHEMBL1293311,Q6QLK5,Envelope glycoprotein gp160,Human immunodeficiency virus 1,"PUBCHEM_BIOASSAY: uHTS fluorescence assay for the identification of Human Immunodeficiency Virus Fusion Inhibitors. (Class of assay: confirmatory) [Related pubchem assays (depositor defined):AID1991, AID434967]",CSc1ccc(C(c2c(C(=O)O)[nH]c3ccccc23)c2c(C(=O)O)[nH]c3ccccc23)cc1,456.52
CHEMBL1523836,8730.0,8730.0,8730.0,Active,,CHEMBL1293311,Q6QLK5,Envelope glycoprotein gp160,Human immunodeficiency virus 1,"PUBCHEM_BIOASSAY: uHTS fluorescence assay for the identification of Human Immunodeficiency Virus Fusion Inhibitors. (Class of assay: confirmatory) [Related pubchem assays (depositor defined):AID1991, AID434967]",CC(C)S(=O)(=O)C1=NSC2=NC(=O)/C(=C\c3ccc(-c4ccccc4)o3)C(=N)N21,428.50
CHEMBL1527520,9860.0,9860.0,9860.0,Active,,CHEMBL1293311,Q6QLK5,Envelope glycoprotein gp160,Human immunodeficiency virus 1,"PUBCHEM_BIOASSAY: uHTS fluorescence assay for the identification of Human Immunodeficiency Virus Fusion Inhibitors. (Class of assay: confirmatory) [Related pubchem assays (depositor defined):AID1991, AID434967]",O=C(O)C1Nc2c(O)cccc2C2C=CCC12,231.25
CHEMBL1580660,8210.0,8210.0,8210.0,Active,,CHEMBL1293311,Q6QLK5,Envelope glycoprotein gp160,Human immunodeficiency virus 1,"PUBCHEM_BIOASSAY: uHTS fluorescence assay for the identification of Human Immunodeficiency Virus Fusion Inhibitors. (Class of assay: confirmatory) [Related pubchem assays (depositor defined):AID1991, AID434967]",O=S(=O)(Nc1nc(-c2sccc2Cl)cs1)c1cc(Cl)ccc1Cl,425.77
CHEMBL1605235,8020.0,8020.0,8020.0,Active,,CHEMBL1293311,Q6QLK5,Envelope glycoprotein gp160,Human immunodeficiency virus 1,"PUBCHEM_BIOASSAY: uHTS fluorescence assay for the identification of Human Immunodeficiency Virus Fusion Inhibitors. (Class of assay: confirmatory) [Related pubchem assays (depositor defined):AID1991, AID434967]",O=[N+]([O-])c1cc([N+](=O)[O-])c2oc(-c3ccccc3)c(Br)c2c1O,379.12
CHEMBL1610008,9900.0,9900.0,9900.0,Active,,CHEMBL1293311,Q6QLK5,Envelope glycoprotein gp160,Human immunodeficiency virus 1,"PUBCHEM_BIOASSAY: uHTS fluorescence assay for the identification of Human Immunodeficiency Virus Fusion Inhibitors. (Class of assay: confirmatory) [Related pubchem assays (depositor defined):AID1991, AID434967]",O=C(O)c1ccc(N2C(=O)/C(=C/c3ccc(-c4ccc([N+](=O)[O-])cc4)o3)C=C2c2ccccc2)cc1,478.46
CHEMBL1655,62.8,62.8,62.8,,4.0,CHEMBL4105829,Q05320,Envelope glycoprotein,Zaire ebolavirus (strain Mayinga-76) (ZEBOV) (Zaire Ebola virus),Inhibition of HIV/EBOV GP Y517S mutant infected in 293T cells assessed as reduction in virus entry,CN(C)CCOc1ccc(/C(=C(/CCCl)c2ccccc2)c2ccccc2)cc1,405.97
CHEMBL171637,4100.0,4100.0,4100.0,Active,,CHEMBL1293311,Q6QLK5,Envelope glycoprotein gp160,Human immunodeficiency virus 1,"PUBCHEM_BIOASSAY: uHTS fluorescence assay for the identification of Human Immunodeficiency Virus Fusion Inhibitors. (Class of assay: confirmatory) [Related pubchem assays (depositor defined):AID1991, AID434967]",CCCCCC(=O)Cc1cc(O)cc2c1C(=O)Oc1cc(O)c(C(=O)O)c(CCCCC)c1O2,470.52
CHEMBL2003887,6010.0,6010.0,6010.0,Active,,CHEMBL1293311,Q6QLK5,Envelope glycoprotein gp160,Human immunodeficiency virus 1,"PUBCHEM_BIOASSAY: uHTS fluorescence assay for the identification of Human Immunodeficiency Virus Fusion Inhibitors. (Class of assay: confirmatory) [Related pubchem assays (depositor defined):AID1991, AID434967]",O=c1/c(=C\c2cc([N+](=O)[O-])cc([N+](=O)[O-])c2O)sc2nc3ccccc3n12,384.33
CHEMBL2013073,4000.0,4000.0,4000.0,,,CHEMBL378,,Human immunodeficiency virus 1,,Antiviral activity against HIV1 931N101 infected in human SupT1 cells assessed as inhibition of viral entry mesaured after 96 hrs by p24- ELISA assay,CCOC(=O)C1=C(C)NC(=S)NC1c1ccc(O)cc1,292.36
CHEMBL2013075,4500.0,4500.0,4500.0,,,CHEMBL378,,Human immunodeficiency virus 1,,Antiviral activity against HIV1 931N101 infected in human SupT1 cells assessed as inhibition of viral entry mesaured after 96 hrs by p24- ELISA assay,CCOC(=O)C1=C(C)NC(=S)NC1c1ccc(OC)cc1,306.39
CHEMBL2013078,8500.0,8500.0,8500.0,,,CHEMBL378,,Human immunodeficiency virus 1,,Antiviral activity against HIV1 931N101 infected in human SupT1 cells assessed as inhibition of viral entry mesaured after 96 hrs by p24- ELISA assay,CCOC(=O)C1=C(C)NC(=O)NC1c1ccc(O)c(OC)c1,306.32
CHEMBL2013079,2200.0,2200.0,2200.0,,,CHEMBL378,,Human immunodeficiency virus 1,,Antiviral activity against HIV1 931N101 infected in human SupT1 cells assessed as inhibition of viral entry mesaured after 96 hrs by p24- ELISA assay,CCOC(=O)C1=C(C)NC(=S)NC1c1ccc(O)c(OC)c1,322.39
CHEMBL2018165,4640.0,4640.0,4640.0,,,CHEMBL612545,,Unchecked,,Inhibition of HIV1 3B gp41-mediated cell-cell fusion between viral envelope expressing virus-infected HL2/3 cells to human MAGI-CCR5 cells after 6 hrs by luciferase reporter gene assay,O=C(O)c1cccc(N/N=C2\C(=O)N(c3nc(-c4ccccc4)cs3)N=C2c2ccccc2)c1,467.51
CHEMBL2041252,9200.0,9200.0,9200.0,,,CHEMBL378,,Human immunodeficiency virus 1,,Antiviral activity against HIV1 931N101 infected in human SupT1 cells assessed as inhibition of viral entry mesaured after 96 hrs by p24- ELISA assay,CCOC(=O)C1=C(C)NC(=O)NC1c1cccc(Cl)c1,294.74
CHEMBL2088010,2710.0,2710.0,2710.0,,,CHEMBL612237,,Human adenovirus 5,,Antiviral activity against Human adenovirus 5 infected in human A549 cells assessed as inhibition of viral entry after 48 hrs by GFP reporter gene based assay,O=C(Nc1ccc([N+](=O)[O-])cc1)c1cc(Cl)ccc1O,292.68
CHEMBL214087,400.0,400.0,400.0,,,CHEMBL612545,,Unchecked,,Inhibition of Measles virus hemagglutininin/F-mediated cell-cell fusion expressed in african green monkey Vero cells after 24 hrs relative to untreated control,Nc1ccc2oc(Cc3ccccc3)nc2c1,224.26
CHEMBL2151582,9000.0,9000.0,9000.0,,,CHEMBL612545,,Unchecked,,Inhibition of gp41 in HIV1 HXB2 assessed as cell-cell fusion inhibition after 6 hrs by luciferase reporter gene assay,O=C(O)c1cccc(COc2cccc(-c3ccc4ccn(Cc5cccc(C(=O)O)c5)c4c3)c2)c1,477.52
CHEMBL2151587,800.0,800.0,800.0,,,CHEMBL612545,,Unchecked,,Inhibition of HIV1 HXB2 gp41-mediated cell-cell fusion between viral envelope-expressing human HL2/3 cells to human TZM-bl cells by luciferase reporter assay,COc1ccc(Cn2ccc3ccc(-c4ccc5ccn(Cc6cccc(C(=O)O)c6)c5c4)cc32)cc1,486.57
CHEMBL2151588,540.0,1100.0,820.0,,,CHEMBL612545,,Unchecked,,Inhibition of HIV1 HXB2 gp41-mediated cell-cell fusion between viral envelope-expressing human HL2/3 cells to human TZM-bl cells by luciferase reporter assay,O=C(O)c1cccc(Cn2ccc3ccc(-c4ccc5ccn(Cc6ccc(F)cc6)c5c4)cc32)c1,474.54
CHEMBL2151589,8000.0,8300.0,8150.0,,,CHEMBL612545,,Unchecked,,Inhibition of HIV1 HXB2 gp41-mediated cell-cell fusion between viral envelope-expressing human HL2/3 cells to human TZM-bl cells by luciferase reporter assay,O=C(O)c1cccc(Cn2ccc3cc(-c4ccc5cc(Cl)ccc5n4)ccc32)c1,412.88
CHEMBL217188,6000.0,6000.0,6000.0,,,CHEMBL378,,Human immunodeficiency virus 1,,Antiviral activity against HIV1 931N101 infected in human SupT1 cells assessed as inhibition of viral entry mesaured after 96 hrs by p24- ELISA assay,CCOC(=O)C1=C(C)NC(=O)NC1c1ccc(O)cc1,276.29
CHEMBL221190,1086.0,1086.0,1086.0,,,CHEMBL4434621,,Ebolavirus,,Antiviral activity against recombinant Ebola virus Mayinga expressing GFP infected in human HeLa cells with ATP6V0a2 KO assessed as reduction in viral entry into cells pretreated for 1 hr followed by viral infection measured after 24 to 48 hrs by imaging analysis,COc1cc2c(O)c3c(c(-c4ccc5c(c4)OCO5)c2cc1OC)C(=O)OC3,380.35
CHEMBL223228,0.1,11.0,4.2,,4.0,CHEMBL378,,Human immunodeficiency virus 1,,Antiviral activity against VSV-G protein pseudotyped HIV1 infected in 293T cells assessed as inhibition of viral replication after 48 hrs by luciferase reporter assay,O=C1Nc2ccc(Cl)cc2[C@@](C#CC2CC2)(C(F)(F)F)O1,315.68
CHEMBL2282111,7500.0,7500.0,7500.0,,,CHEMBL378,,Human immunodeficiency virus 1,,Antiviral activity against HIV1 931N101 infected in human SupT1 cells assessed as inhibition of viral entry mesaured after 96 hrs by p24- ELISA assay,CCOC(=O)C1=C(C)NC(=O)NC1c1ccc(Br)cc1,339.19
CHEMBL2282113,4200.0,4200.0,4200.0,,,CHEMBL378,,Human immunodeficiency virus 1,,Antiviral activity against HIV1 931N101 infected in human SupT1 cells assessed as inhibition of viral entry mesaured after 96 hrs by p24- ELISA assay,CCOC(=O)C1=C(C)NC(=S)NC1c1ccc(Br)cc1,355.26
CHEMBL2313077,1670.0,1670.0,1670.0,,,CHEMBL612237,,Human adenovirus 5,,Antiviral activity against Human adenovirus 5 infected in human A549 cells assessed as inhibition of viral entry after 48 hrs by GFP reporter gene based assay,O=C(Nc1ccc(C(F)(F)F)cc1Cl)c1cc(Cl)ccc1O,350.12
CHEMBL242456,0.16,0.16,0.2,,,CHEMBL2364165,Q89535,Fusion glycoprotein F0,Human respiratory syncytial virus,Inhibition of RSV Long fusion protein assessed as decrease in virus induced syncytium formation in infected human HeLa/M cells,Cc1ccc(O)c(Cn2c(NC3CCN(CCN)CC3)nc3c(C)cccc32)n1,394.52
CHEMBL243876,7.943,28.0,18.6,,,CHEMBL2364165,Q89535,Fusion glycoprotein F0,Human respiratory syncytial virus,Inhibition of RSV long strain fusion protein infected in Hep2 cells assessed as reduction in virus-induced cytopathic effect after 5 days by CCK8 assay,O=c1n(Cc2nc3ccccc3n2CCCCO)c2cnccc2n1C1CC1,377.45
CHEMBL2441515,40.0,40.0,40.0,,,CHEMBL379,,Hepatitis C virus,,Antiviral activity against HCV genotype-1 pseudoparticle expressing envelope protein E1 and E2 assessed as inhibition of pseudoparticles entry into human Huh-H1 cells after 2 days by luciferase reporter gene assay,CCCCCNc1nc(Nc2ccc([N+](=O)[O-])cc2)nc(OCC(F)(F)F)n1,400.36
CHEMBL2441725,1900.0,1900.0,1900.0,,,CHEMBL379,,Hepatitis C virus,,Antiviral activity against HCV genotype-1 pseudoparticle expressing envelope protein E1 and E2 assessed as inhibition of pseudoparticles entry into human Huh-H1 cells after 2 days by luciferase reporter gene assay,CN1CCN(CCNCc2cn(-c3ccc(F)cc3F)nc2-c2ccc(Cl)cc2)CC1,445.95
CHEMBL254781,170.0,6900.0,2446.7,,,CHEMBL1293311,Q6QLK5,Envelope glycoprotein gp160,Human immunodeficiency virus 1,Inhibition of HIV1 KP-5mvcR gp120 interaction with CD4 in human TZM-bl cells assessed as decrease in viral entry by MTT assay,CC1(C)CC(NC(=O)C(=O)Nc2ccc(Cl)cc2)CC(C)(C)N1,337.85
CHEMBL258940,7500.0,7500.0,7500.0,,2.0,CHEMBL615051,,Lassa virus,,Antiviral activity against LASV assessed as inhibition of viral entry,CN1CCC(Nc2ncc3ncnc(Nc4ccc(F)c(Cl)c4)c3n2)CC1,387.85
CHEMBL264938,4320.0,4320.0,4320.0,,,CHEMBL378,,Human immunodeficiency virus 1,,Antiviral activity against HIV1 assessed as syncytium inhibition by cell-cell fusion assay,O=C(O[C@@H]1Cc2c(O)cc(O)cc2O[C@H]1c1cc(O)c(O)c(O)c1)c1cc(O)c(O)c(O)c1,458.38
CHEMBL290106,6160.0,6160.0,6160.0,Active,4.0,CHEMBL1293311,Q6QLK5,Envelope glycoprotein gp160,Human immunodeficiency virus 1,"PUBCHEM_BIOASSAY: uHTS fluorescence assay for the identification of Human Immunodeficiency Virus Fusion Inhibitors. (Class of assay: confirmatory) [Related pubchem assays (depositor defined):AID1991, AID434967]",Oc1c(Cl)cc(Cl)cc1Sc1cc(Cl)cc(Cl)c1O,356.06
CHEMBL292625,5.5,5.5,5.5,,,CHEMBL378,,Human immunodeficiency virus 1,,Concentration required to inhibit the entry of HIV-1 reporter virus [ADA] into U-87 cells,Cc1cccc(C)c1C(=O)N1CCC(C)(N2CCC(Nc3ccc(Br)cc3)CC2)CC1,484.48
CHEMBL3086910,4000.0,4000.0,4000.0,,,CHEMBL379,,Hepatitis C virus,,Antiviral activity against HCV pseudoparticle expressing envelope protein E1 and E2 assessed as inhibition of E1/E2-mediated viral entry into human Huh7 cells treated for 1 hr prior to viral inoculation followed by compound washout 12 hrs post viral inoculation measured after 72 hrs by GFP reporter gene-based confocal microscopic analysis,c1ccc(CN2CCCN(Cc3ccccc3)C2c2ccncc2)cc1,343.47
CHEMBL3195304,7590.0,7590.0,7590.0,Active,,CHEMBL1293311,Q6QLK5,Envelope glycoprotein gp160,Human immunodeficiency virus 1,"PUBCHEM_BIOASSAY: uHTS fluorescence assay for the identification of Human Immunodeficiency Virus Fusion Inhibitors. (Class of assay: confirmatory) [Related pubchem assays (depositor defined):AID1991, AID434967]",COc1ccc2c(c1)cc(C(=O)N/N=C/c1c(O)c(C(=O)O)cc3ccccc13)n2C,417.42
CHEMBL3264527,6900.0,6900.0,6900.0,,,CHEMBL379,,Hepatitis C virus,,Antiviral activity against HCV genotype 1a assessed as inhibition of viral entry into Huh7 cells treated for 2 hr followed by 28 hrs incubation period in compound-free medium by immunofluorescence assay,O=C(O[C@@H]1Cc2c(O)cc(O)cc2O[C@@H]1c1cc(O)c(O)c(O)c1)c1ccc(F)c(F)c1,446.36
CHEMBL3290358,7000.0,7000.0,7000.0,,,CHEMBL612545,,Unchecked,,Inhibition of HIV1 HXB2 gp41-mediated cell-cell fusion between viral envelope-expressing human HL2/3 cells to human TZM-bl cells by luciferase reporter assay,COc1ccc(Cn2ccc3ccc(-c4ccc5c(ccn5Cc5cccc(C(=O)O)c5)c4)cc32)cc1,486.57
CHEMBL3290359,3500.0,3500.0,3500.0,,,CHEMBL612545,,Unchecked,,Inhibition of HIV1 HXB2 gp41-mediated cell-cell fusion between viral envelope-expressing human HL2/3 cells to human TZM-bl cells by luciferase reporter assay,COc1ccc(Cn2ccc3cc(-c4ccc5ccn(Cc6cccc(C(=O)O)c6)c5c4)ccc32)cc1,486.57
CHEMBL3290364,6000.0,6000.0,6000.0,,,CHEMBL612545,,Unchecked,,Inhibition of HIV1 HXB2 gp41-mediated cell-cell fusion between viral envelope-expressing human HL2/3 cells to human TZM-bl cells by luciferase reporter assay,NC(=O)c1cccc(Cn2ccc3ccc(-c4ccc5ccn(Cc6cccc(C(=O)O)c6)c5c4)cc32)c1,499.57
CHEMBL3290366,2000.0,2000.0,2000.0,,,CHEMBL612545,,Unchecked,,Inhibition of HIV1 HXB2 gp41-mediated cell-cell fusion between viral envelope-expressing human HL2/3 cells to human TZM-bl cells by luciferase reporter assay,O=C(O)c1cccc(Cn2ccc3ccc(-c4ccc5ccn(Cc6ccccc6)c5c4)cc32)c1,456.55
CHEMBL3290367,1000.0,1000.0,1000.0,,,CHEMBL612545,,Unchecked,,Inhibition of HIV1 HXB2 gp41-mediated cell-cell fusion between viral envelope-expressing human HL2/3 cells to human TZM-bl cells by luciferase reporter assay,COc1cccc(Cn2ccc3ccc(-c4ccc5ccn(Cc6cccc(C(=O)O)c6)c5c4)cc32)c1,486.57
CHEMBL3290376,6000.0,6000.0,6000.0,,,CHEMBL612545,,Unchecked,,Inhibition of HIV1 HXB2 gp41-mediated cell-cell fusion between viral envelope-expressing human HL2/3 cells to human TZM-bl cells by luciferase reporter assay,COc1cccc(Cn2ccc3ccc(-c4ccc5c(c4)ncn5Cc4cccc(C(=O)O)c4)cc32)c1,487.56
CHEMBL3290378,6000.0,6000.0,6000.0,,,CHEMBL612545,,Unchecked,,Inhibition of HIV1 HXB2 gp41-mediated cell-cell fusion between viral envelope-expressing human HL2/3 cells to human TZM-bl cells by luciferase reporter assay,COc1cccc(Cc2c[nH]c3cc(-c4ccc5ccn(Cc6cccc(C(=O)O)c6)c5c4)ccc23)c1,486.57
CHEMBL3290379,7000.0,7000.0,7000.0,,,CHEMBL612545,,Unchecked,,Inhibition of HIV1 HXB2 gp41-mediated cell-cell fusion between viral envelope-expressing human HL2/3 cells to human TZM-bl cells by luciferase reporter assay,COc1cccc(Cn2ccc3ccc(-c4ccc5c(Cc6cccc(C(=O)O)c6)c[nH]c5c4)cc32)c1,486.57
CHEMBL3290380,4000.0,4000.0,4000.0,,,CHEMBL612545,,Unchecked,,Inhibition of HIV1 HXB2 gp41-mediated cell-cell fusion between viral envelope-expressing human HL2/3 cells to human TZM-bl cells by luciferase reporter assay,COc1cccc(Cc2c[nH]c3cc(-c4ccc5c(Cc6cccc(C(=O)O)c6)c[nH]c5c4)ccc23)c1,486.57
CHEMBL3290383,5000.0,5000.0,5000.0,,,CHEMBL612545,,Unchecked,,Inhibition of HIV1 HXB2 gp41-mediated cell-cell fusion between viral envelope-expressing human HL2/3 cells to human TZM-bl cells by luciferase reporter assay,O=C(O)c1cccc(Cc2c[nH]c3ccc(-c4ccc5cc[nH]c5c4)cc23)c1,366.42
CHEMBL3290384,6000.0,6000.0,6000.0,,,CHEMBL612545,,Unchecked,,Inhibition of HIV1 HXB2 gp41-mediated cell-cell fusion between viral envelope-expressing human HL2/3 cells to human TZM-bl cells by luciferase reporter assay,O=C(O)c1cccc(Cc2c[nH]c3cc(-c4ccc5cc[nH]c5c4)ccc23)c1,366.42
CHEMBL3290387,1300.0,1300.0,1300.0,,,CHEMBL612545,,Unchecked,,Inhibition of HIV1 HXB2 gp41-mediated cell-cell fusion between viral envelope-expressing human HL2/3 cells to human TZM-bl cells by luciferase reporter assay,Cn1ccc2ccc(-c3ccc4ccn(Cc5cccc(C(=O)O)c5)c4c3)cc21,380.45
CHEMBL3301620,0.4,16.2,5.2,,2.0,CHEMBL378,,Human immunodeficiency virus 1,,Antiviral activity against CXCR4-tropic HIV1 NL4-3 infected in human MT2 cells by monogram phenosense entry assay,COc1cnc(-n2cnc(C)n2)c2[nH]cc(C(=O)C(=O)N3CCN(C(=O)c4ccccc4)CC3)c12,473.49
CHEMBL3329704,1200.0,1600.0,1400.0,,,CHEMBL612545,,Unchecked,,Inhibition of HIV1 YU2 gp120-induced cell-cell fusion between viral envelope expressing African green monkey COS cells to CCR5 receptor expressing human TZM-bl cells after overnight incubation by Bright-Glo luciferase assay,C1=C2CCCN[C@H]2[C@@H]2C[C@H]1[C@H]1CCCCN1C2,232.37
CHEMBL3353051,0.7943,1.0,0.9,,,CHEMBL378,,Human immunodeficiency virus 1,,Antiviral activity against recombinant HIV-1 NL4-3 expressing HIV-1 JR-CSF envelope infected in U87.CD4.CCR5 cells assessed as inhibition of Env mediated cell entry by HIV-1 single round infection assay,COc1cnc(-n2cnc(C)n2)c2[nH]cc(C(=O)C(=O)N3CC4CN(C(=O)c5ccccc5)CC4C3)c12,499.53
CHEMBL336293,151.36,152.97,152.2,,,CHEMBL612545,,Unchecked,,Inhibition of HIV1 gp120 binding to CD4 in human HeLa cells by cell fusion assay,O=C(C(=O)N1CCN(C(=O)c2ccccc2)CC1)c1c[nH]c2ccccc12,361.40
CHEMBL337301,0.014,0.056,0.0,,,CHEMBL6180,P35961,Envelope glycoprotein gp160,Human immunodeficiency virus type 1 group M subtype B (isolate YU-2)(HIV-1),Inhibition of HIV1 (isolate YU2) envelope glycoprotein 120-mediated membrane fusion between virus-transfected african green monkey COS cells and human TZM-bl cells by luciferase-based cell-cell fusion assay in presence of IC9564,COc1ccnc2[nH]cc(C(=O)C(=O)N3CCN(C(=O)c4ccccc4)C[C@H]3C)c12,406.44
CHEMBL3425865,3600.0,3600.0,3600.0,,,CHEMBL379,,Hepatitis C virus,,Antiviral activity against Hepatitis C virus H77 pseudoparticle assessed as inhibition of viral entry into human Huh7.5 cells after 4 hrs by luciferase reporter gene assay,COc1cc(-c2cnc3c(N4CCOCC4)snc3c2)cc(OC)c1OC,387.46
CHEMBL3425867,2050.0,2050.0,2050.0,,,CHEMBL379,,Hepatitis C virus,,Antiviral activity against Hepatitis C virus H77 pseudoparticle assessed as inhibition of viral entry into human Huh7.5 cells after 4 hrs by luciferase reporter gene assay,COc1cc(-c2cnc3c(N4CCOCC4)snc3c2)ccc1N,342.42
CHEMBL3438758,9750.0,9750.0,9750.0,,,CHEMBL4434621,,Ebolavirus,,Antiviral activity against pseudotyped EBOV Mayinga infected in human A549 cells assessed as inhibition of Pseudoviral entry incubated for 40 hrs,CN1CCN(C(=O)c2cc3sccc3n2Cc2ccc(Cl)cc2)CC1,373.91
CHEMBL3746695,85.0,96.0,90.5,,,CHEMBL378,,Human immunodeficiency virus 1,,Antiviral activity against recombinant HIV-1 NL4-3 expressing HIV-1 JR-CSF envelope infected in U87.CD4.CCR5 cells assessed as inhibition of Env mediated cell entry by HIV-1 single round infection assay,COc1cnc(-n2cnc(C)n2)c2[nH]cc(C(=O)C(=O)NC3C4CN(C(=O)c5ccccc5)CC43)c12,485.50
CHEMBL3746938,2.0,7.0,4.5,,,CHEMBL378,,Human immunodeficiency virus 1,,Antiviral activity against recombinant HIV-1 NL4-3 expressing HIV-1 JR-CSF envelope infected in U87.CD4.CCR5 cells assessed as inhibition of Env mediated cell entry by HIV-1 single round infection assay,COc1cnc(-n2cnc(C)n2)c2[nH]cc(C(=O)C(=O)N3CC(CCC(=O)c4ccccc4)C3)c12,472.51
CHEMBL3747044,6.0,8.0,7.0,,,CHEMBL378,,Human immunodeficiency virus 1,,Antiviral activity against recombinant HIV-1 NL4-3 expressing HIV-1 JR-CSF envelope infected in U87.CD4.CCR5 cells assessed as inhibition of Env mediated cell entry by HIV-1 single round infection assay,COc1cnc(-n2cnc(C)n2)c2[nH]cc(C(=O)C(=O)N3CC4C=NN(c5ccccc5)C4C3)c12,470.49
CHEMBL3747479,224.0,350.0,287.0,,,CHEMBL378,,Human immunodeficiency virus 1,,Antiviral activity against recombinant HIV-1 NL4-3 expressing HIV-1 JR-CSF envelope infected in U87.CD4.CCR5 cells assessed as inhibition of Env mediated cell entry by HIV-1 single round infection assay,COc1cnc(-n2cnc(C)n2)c2[nH]cc(C(=O)C(=O)N3CC=C(CNC(=O)c4ccccc4)CC3)c12,499.53
CHEMBL3747576,2500.0,3800.0,3150.0,,,CHEMBL378,,Human immunodeficiency virus 1,,Antiviral activity against recombinant HIV-1 NL4-3 expressing HIV-1 JR-CSF envelope infected in U87.CD4.CCR5 cells assessed as inhibition of Env mediated cell entry by HIV-1 single round infection assay,COc1cnc(-n2cnc(C)n2)c2[nH]cc(C(=O)NCC3CN(C(=O)c4ccccc4)C3)c12,445.48
CHEMBL385187,6200.0,6200.0,6200.0,,,CHEMBL378,,Human immunodeficiency virus 1,,Antiviral activity against HIV1 931N101 infected in human SupT1 cells assessed as inhibition of viral entry mesaured after 96 hrs by p24- ELISA assay,CCOC(=O)C1=C(C)NC(=O)NC1c1ccc(OC)cc1,290.32
CHEMBL3894079,8900.0,8900.0,8900.0,,,CHEMBL612545,,Unchecked,,Inhibition of HIV1 HXB2 Env-mediated cell-cell fusion using MAGI-CCR5 as target cells and HL2/3 as effector cells preincubated with target cells for 1 hr followed by effector cells addition measured after 24 hrs by beta-galactosidase reporter gene assay,Cc1nc([C@H](NC(=O)c2ccc(-c3ccc(Cl)cc3)[nH]2)[C@@H]2CCCCN2)sc1CO,444.99
CHEMBL4075766,8300.0,8300.0,8300.0,,,CHEMBL612545,,Unchecked,,Inhibition of HIV1 HXB2 gp120-mediated cell to cell fusion using human MAGI-CCR5 cells as indicator cells and Env/Tat-expressing HL2/3 cells as effector cells preincubated with MAGI-CCR5 cells for 1 hr followed by HL2/3 cells addition by beta-galactosidase reporter gene assay,Cc1ccc(-c2ccc(C(=O)NC(CN)c3ncc(CO)s3)[nH]2)cc1F,374.44
CHEMBL4077922,3850.0,3850.0,3850.0,,,CHEMBL4802007,P59594,Spike glycoprotein,Severe acute respiratory syndrome coronavirus,Inhibition of spike glycoprotein S in SARS-CoV-2 pseudovirus infected human 293T/ACE2 cells assessed as inhibition of viral infection measured after 48 hrs by by luciferase reporter gene assay,O=C(/C=C/c1ccc(O)c2oc(-c3ccc(O)c(O)c3)cc12)O[C@H](Cc1ccc(O)c(O)c1)C(=O)O,492.44
CHEMBL4096918,6100.0,6100.0,6100.0,,,CHEMBL612545,,Unchecked,,Inhibition of HIV1 HXB2 gp120-mediated cell to cell fusion using human MAGI-CCR5 cells as indicator cells and Env/Tat-expressing HL2/3 cells as effector cells preincubated with MAGI-CCR5 cells for 1 hr followed by HL2/3 cells addition by beta-galactosidase reporter gene assay,Cc1nc(C(NC(=O)c2ccc(-c3ccc(Cl)cc3)[nH]2)C2CCCCN2)sc1CO,444.99
CHEMBL41275,0.048,0.048,0.0,,,CHEMBL6180,P35961,Envelope glycoprotein gp160,Human immunodeficiency virus type 1 group M subtype B (isolate YU-2)(HIV-1),Inhibition of HIV1 (isolate YU2) envelope glycoprotein 120-mediated membrane fusion between virus-transfected african green monkey COS cells and human TZM-bl cells by luciferase-based cell-cell fusion assay in absence of IC9564,Cc1ccc(-c2ccc3c(c2)C=C(C(=O)Nc2ccc(C[N+](C)(C)C4CCOCC4)cc2)CCC3)cc1.[Cl-],495.69
CHEMBL4159051,6.0,6.0,6.0,,,CHEMBL2364165,Q89535,Fusion glycoprotein F0,Human respiratory syncytial virus,Inhibition of RSV long strain fusion protein infected in Hep2 cells assessed as reduction in virus-induced cytopathic effect after 5 days by CCK8 assay,O=C1N(Cc2nc3cc(Br)ccc3n2CCCCO)c2ccccc2C12CCOCC2,484.39
CHEMBL4159213,73.0,73.0,73.0,,,CHEMBL2364165,Q89535,Fusion glycoprotein F0,Human respiratory syncytial virus,Inhibition of RSV Long fusion protein assessed as protection against virus induced cytopathic effect in infected human Hep2 cells after 5 days by CCK8 assay,Cc1ccc2nc(N3CCCc4ccccc4C3)cc(NCCN)c2c1,346.48
CHEMBL4159228,12.0,12.0,12.0,,,CHEMBL2364165,Q89535,Fusion glycoprotein F0,Human respiratory syncytial virus,Inhibition of Respiratory syncytial virus Long fusion glycoprotein infected in Hep2 cells assessed as reduction in virus-induced cytopathic effect after 4 days by spectrophotometric analysis,CS(=O)(=O)CCCn1c(Cn2nc(S(C)(=O)=O)c3ccccc32)nc2cc(Cl)ccc21,481.00
CHEMBL4159544,1000.0,1000.0,1000.0,,,CHEMBL2364165,Q89535,Fusion glycoprotein F0,Human respiratory syncytial virus,Inhibition of RSV long strain fusion protein infected in Hep2 cells assessed as reduction in virus-induced cytopathic effect after 5 days by CCK8 assay,OCCCCn1c(Cn2ccc3ccncc32)nc2ccccc21,320.40
CHEMBL4159997,3100.0,3100.0,3100.0,,,CHEMBL2364165,Q89535,Fusion glycoprotein F0,Human respiratory syncytial virus,Inhibition of RSV Long fusion protein assessed as protection against virus induced cytopathic effect in infected human Hep2 cells after 5 days by CCK8 assay,CC(=O)NCCNc1cc(N2CCCc3ccc(F)cc3C2)nc2ccc(C)cc12,406.51
CHEMBL4160231,41.0,41.0,41.0,,,CHEMBL2364165,Q89535,Fusion glycoprotein F0,Human respiratory syncytial virus,Inhibition of RSV Long fusion protein assessed as protection against virus induced cytopathic effect in infected human Hep2 cells after 5 days by CCK8 assay,Cc1ccc2nc(N3CCCc4ccc(F)cc4C3)cc(NCCO)c2c1,365.45
CHEMBL4160708,53.0,53.0,53.0,,,CHEMBL2364165,Q89535,Fusion glycoprotein F0,Human respiratory syncytial virus,Inhibition of Respiratory syncytial virus Long fusion glycoprotein infected in Hep2 cells assessed as reduction in virus-induced cytopathic effect after 4 days by spectrophotometric analysis,CS(=O)(=O)CCCn1c(Cn2cc(S(C)(=O)=O)c3ccccc32)nc2cc(Cl)ccc21,480.01
CHEMBL4160710,75.0,75.0,75.0,,,CHEMBL2364165,Q89535,Fusion glycoprotein F0,Human respiratory syncytial virus,Inhibition of Respiratory syncytial virus Long fusion glycoprotein infected in Hep2 cells assessed as reduction in virus-induced cytopathic effect after 4 days by spectrophotometric analysis,CS(=O)(=O)c1nn(Cc2nc3cc(Cl)ccc3n2CC(F)(F)CN)c2cnccc12,454.89
CHEMBL4161020,470.0,470.0,470.0,,,CHEMBL2364165,Q89535,Fusion glycoprotein F0,Human respiratory syncytial virus,Inhibition of RSV long strain fusion protein infected in Hep2 cells assessed as reduction in virus-induced cytopathic effect after 5 days by CCK8 assay,OCCCCn1c(Cn2c(-c3cscn3)nc3ccccc32)nc2ccccc21,403.51
CHEMBL4161097,12.0,12.0,12.0,,,CHEMBL2364165,Q89535,Fusion glycoprotein F0,Human respiratory syncytial virus,Inhibition of RSV Long fusion protein assessed as protection against virus induced cytopathic effect in infected human Hep2 cells after 5 days by CCK8 assay,Cc1ccc2nc(N3CCCc4ccc(F)cc4C3)cc(NCC(C)(C)N)c2c1,392.52
CHEMBL4161267,35.0,35.0,35.0,,,CHEMBL2364165,Q89535,Fusion glycoprotein F0,Human respiratory syncytial virus,Inhibition of Respiratory syncytial virus Long fusion glycoprotein infected in Hep2 cells assessed as reduction in virus-induced cytopathic effect after 4 days by spectrophotometric analysis,CS(=O)(=O)c1nn(Cc2nc3cc(Cl)ccc3n2CC(F)(F)CO)c2cnccc12,455.87
CHEMBL4161686,4.0,4.0,4.0,,,CHEMBL2364165,Q89535,Fusion glycoprotein F0,Human respiratory syncytial virus,Inhibition of Respiratory syncytial virus Long fusion glycoprotein infected in Hep2 cells assessed as reduction in virus-induced cytopathic effect after 4 days by spectrophotometric analysis,CS(=O)(=O)c1nn(Cc2nc3cc(Cl)ccc3n2CCCCO)c2cnccc12,433.92
CHEMBL4161955,230.0,230.0,230.0,,,CHEMBL2364165,Q89535,Fusion glycoprotein F0,Human respiratory syncytial virus,Inhibition of RSV Long fusion protein assessed as protection against virus induced cytopathic effect in infected human Hep2 cells after 5 days by CCK8 assay,NCCNc1cc(N2CCOc3ccccc3C2)nc2ccccc12,334.42
CHEMBL4162082,31.0,31.0,31.0,,,CHEMBL2364165,Q89535,Fusion glycoprotein F0,Human respiratory syncytial virus,Inhibition of RSV Long fusion protein assessed as protection against virus induced cytopathic effect in infected human Hep2 cells after 5 days by CCK8 assay,Cc1ccc2nc(N3CCCc4ccc(F)cc4C3)cc(NCCNC3COC3)c2c1,420.53
CHEMBL4162230,19.0,19.0,19.0,,,CHEMBL2364165,Q89535,Fusion glycoprotein F0,Human respiratory syncytial virus,Inhibition of RSV long strain fusion protein infected in Hep2 cells assessed as reduction in virus-induced cytopathic effect after 5 days by CCK8 assay,O=C1N(Cc2nc3cc(Br)ccc3n2CCCCO)c2ccccc2C12CNC2,455.36
CHEMBL4162290,280.0,280.0,280.0,,,CHEMBL2364165,Q89535,Fusion glycoprotein F0,Human respiratory syncytial virus,Inhibition of RSV Long fusion protein assessed as protection against virus induced cytopathic effect in infected human Hep2 cells after 5 days by CCK8 assay,Cc1ccc2nc(N3CCCc4ccc(F)cc4C3)cc(NCCN3CCCCC3)c2c1,432.59
CHEMBL4162420,43.0,43.0,43.0,,,CHEMBL2364165,Q89535,Fusion glycoprotein F0,Human respiratory syncytial virus,Inhibition of RSV long strain fusion protein infected in Hep2 cells assessed as reduction in virus-induced cytopathic effect after 5 days by CCK8 assay,CN1CC2(C1)C(=O)N(Cc1nc3cc(Br)ccc3n1CCCCO)c1ccccc12,469.38
CHEMBL4162437,2.3,2.3,2.3,,,CHEMBL2364165,Q89535,Fusion glycoprotein F0,Human respiratory syncytial virus,Inhibition of RSV long strain fusion protein infected in Hep2 cells assessed as reduction in virus-induced cytopathic effect after 5 days by CCK8 assay,O=C1N(Cc2nc3cc(Br)ccc3n2CCCCO)c2ccccc2C12CC2,440.34
CHEMBL4162598,200.0,2300.0,1250.0,,,CHEMBL2364165,Q89535,Fusion glycoprotein F0,Human respiratory syncytial virus,Inhibition of RSV Long fusion protein L138F mutant assessed as protection against virus induced cytopathic effect in infected human Hep2 cells after 5 days by CCK8 assay,NCCNc1cc(N2CCCc3ccccc3C2)nc2ccccc12,332.45
CHEMBL4162900,1800.0,1800.0,1800.0,,,CHEMBL2364165,Q89535,Fusion glycoprotein F0,Human respiratory syncytial virus,Inhibition of RSV long strain fusion protein infected in Hep2 cells assessed as reduction in virus-induced cytopathic effect after 5 days by CCK8 assay,OCCCCn1c(Cn2ncc3ccccc32)nc2ccccc21,320.40
CHEMBL4162982,27.0,27.0,27.0,,,CHEMBL2364165,Q89535,Fusion glycoprotein F0,Human respiratory syncytial virus,Inhibition of RSV Long fusion protein assessed as protection against virus induced cytopathic effect in infected human Hep2 cells after 5 days by CCK8 assay,Cc1ccc2nc(N3CCS(=O)(=O)c4ccccc4C3)cc(NCCCCCN)c2c1,438.60
CHEMBL4163011,190.0,190.0,190.0,,,CHEMBL2364165,Q89535,Fusion glycoprotein F0,Human respiratory syncytial virus,Inhibition of RSV long strain fusion protein infected in Hep2 cells assessed as reduction in virus-induced cytopathic effect after 5 days by CCK8 assay,N#Cc1ccc2c(c1)nc(CN1C(=O)C3(CC3)c3ccccc31)n2CCCCO,386.46
CHEMBL4163349,54.0,54.0,54.0,,,CHEMBL2364165,Q89535,Fusion glycoprotein F0,Human respiratory syncytial virus,Inhibition of Respiratory syncytial virus Long fusion glycoprotein infected in Hep2 cells assessed as reduction in virus-induced cytopathic effect after 4 days by spectrophotometric analysis,CCS(=O)(=O)c1cn(Cc2nc3cc(Cl)ccc3n2CCCS(C)(=O)=O)c2ccccc12,494.04
CHEMBL4163590,26.0,26.0,26.0,,,CHEMBL2364165,Q89535,Fusion glycoprotein F0,Human respiratory syncytial virus,Inhibition of RSV Long fusion protein assessed as protection against virus induced cytopathic effect in infected human Hep2 cells after 5 days by CCK8 assay,Cc1ccc2nc(N3CCCc4ccc(F)cc4C3)cc(NCC(N)=O)c2c1,378.45
CHEMBL4163677,320.0,320.0,320.0,,,CHEMBL2364165,Q89535,Fusion glycoprotein F0,Human respiratory syncytial virus,Inhibition of RSV Long fusion protein assessed as protection against virus induced cytopathic effect in infected human Hep2 cells after 5 days by CCK8 assay,COc1ccc2nc(N3CCCc4ccccc4C3)cc(NCCN)c2c1,362.48
CHEMBL4163788,150.0,150.0,150.0,,,CHEMBL2364165,Q89535,Fusion glycoprotein F0,Human respiratory syncytial virus,Inhibition of RSV Long fusion protein assessed as protection against virus induced cytopathic effect in infected human Hep2 cells after 5 days by CCK8 assay,Cc1ccc2nc(N3CCCc4ccc(F)cc4C3)cc(NCCN3CCNCC3)c2c1,433.58
CHEMBL4164014,3.0,3.0,3.0,,,CHEMBL2364165,Q89535,Fusion glycoprotein F0,Human respiratory syncytial virus,Inhibition of Respiratory syncytial virus Long fusion glycoprotein infected in Hep2 cells assessed as reduction in virus-induced cytopathic effect after 4 days by spectrophotometric analysis,CS(=O)(=O)c1nn(Cc2nc3cc(Cl)ccc3n2CCCO)c2cnccc12,419.89
CHEMBL4164110,5420.0,5420.0,5420.0,,,CHEMBL2364165,Q89535,Fusion glycoprotein F0,Human respiratory syncytial virus,Inhibition of Respiratory syncytial virus Long fusion glycoprotein infected in Hep2 cells assessed as reduction in virus-induced cytopathic effect after 4 days by spectrophotometric analysis,CS(=O)(=O)CCn1c(Cc2cn(S(C)(=O)=O)c3ccccc23)nc2ccccc21,431.54
CHEMBL4164178,16.0,16.0,16.0,,,CHEMBL2364165,Q89535,Fusion glycoprotein F0,Human respiratory syncytial virus,Inhibition of RSV long strain fusion protein infected in Hep2 cells assessed as reduction in virus-induced cytopathic effect after 5 days by CCK8 assay,O=C1N(Cc2nc3ccccc3n2CCCCO)c2cnccc2C12CC2,362.43
CHEMBL4164254,17.0,17.0,17.0,,,CHEMBL2364165,Q89535,Fusion glycoprotein F0,Human respiratory syncytial virus,Inhibition of Respiratory syncytial virus Long fusion glycoprotein infected in Hep2 cells assessed as reduction in virus-induced cytopathic effect after 4 days by spectrophotometric analysis,CS(=O)(=O)CCc1c(CN2C(=O)C3(CC3)c3ccncc32)nc2cc(Cl)ccn12,430.92
CHEMBL4164593,76.0,76.0,76.0,,,CHEMBL2364165,Q89535,Fusion glycoprotein F0,Human respiratory syncytial virus,Inhibition of RSV long strain fusion protein infected in Hep2 cells assessed as reduction in virus-induced cytopathic effect after 5 days by CCK8 assay,O=C1NC(=O)C2(N1)C(=O)N(Cc1nc3cc(Br)ccc3n1CCCCO)c1ccccc12,498.34
CHEMBL4164613,7800.0,7800.0,7800.0,,,CHEMBL2364165,Q89535,Fusion glycoprotein F0,Human respiratory syncytial virus,Inhibition of RSV Long fusion protein assessed as protection against virus induced cytopathic effect in infected human Hep2 cells after 5 days by CCK8 assay,NCCCNc1cc(N2CCc3ccccc3C2)nc2ccccc12,332.45
CHEMBL4164975,1.0,1.0,1.0,,,CHEMBL2364165,Q89535,Fusion glycoprotein F0,Human respiratory syncytial virus,Inhibition of RSV Long fusion protein assessed as protection against virus induced cytopathic effect in infected human Hep2 cells after 5 days by CCK8 assay,Cc1ccc2nc(N3CCS(=O)(=O)c4ccccc4C3)cc(NCCCN)c2c1,410.54
CHEMBL4164977,10.0,10.0,10.0,,,CHEMBL2364165,Q89535,Fusion glycoprotein F0,Human respiratory syncytial virus,Inhibition of RSV long strain fusion protein infected in Hep2 cells assessed as reduction in virus-induced cytopathic effect after 5 days by CCK8 assay,O=C1N(Cc2nc3cc(Cl)ccc3n2CCCCO)c2ccccc2C12CC2,395.89
CHEMBL4165109,1070.0,1070.0,1070.0,,,CHEMBL2364165,Q89535,Fusion glycoprotein F0,Human respiratory syncytial virus,Inhibition of Respiratory syncytial virus Long fusion glycoprotein infected in Hep2 cells assessed as reduction in virus-induced cytopathic effect after 4 days by spectrophotometric analysis,CC(C)(CO)Cn1c(Cn2nc(S(C)(=O)=O)c3ccncc32)nc2cc(Cl)ccc21,447.95
CHEMBL4165392,4.0,4.0,4.0,,,CHEMBL2364165,Q89535,Fusion glycoprotein F0,Human respiratory syncytial virus,Inhibition of RSV Long fusion protein assessed as protection against virus induced cytopathic effect in infected human Hep2 cells after 5 days by CCK8 assay,Cc1ccc2nc(N3CCS(=O)(=O)c4ccccc4C3)cc(NCCN)c2c1,396.52
CHEMBL4165530,88.0,88.0,88.0,,,CHEMBL2364165,Q89535,Fusion glycoprotein F0,Human respiratory syncytial virus,Inhibition of Respiratory syncytial virus Long fusion glycoprotein infected in Hep2 cells assessed as reduction in virus-induced cytopathic effect after 4 days by spectrophotometric analysis,COCCOCCn1c(Cn2nc(S(C)(=O)=O)c3ccncc32)nc2cc(Cl)ccc21,463.95
CHEMBL4165626,5600.0,5600.0,5600.0,,,CHEMBL2364165,Q89535,Fusion glycoprotein F0,Human respiratory syncytial virus,Inhibition of RSV Long fusion protein assessed as protection against virus induced cytopathic effect in infected human Hep2 cells after 5 days by CCK8 assay,CS(=O)(=O)c1ccc2nc(N3CCCc4ccccc4C3)cc(NCCN)c2c1,410.54
CHEMBL4165762,4.3,4.3,4.3,,,CHEMBL2364165,Q89535,Fusion glycoprotein F0,Human respiratory syncytial virus,Inhibition of Respiratory syncytial virus Long fusion glycoprotein infected in Hep2 cells assessed as reduction in virus-induced cytopathic effect after 4 days by spectrophotometric analysis,CS(=O)(=O)c1nn(Cc2nc3cc(Cl)ccc3n2CCC(F)(F)F)c2cnccc12,457.87
CHEMBL4166043,120.0,120.0,120.0,,,CHEMBL2364165,Q89535,Fusion glycoprotein F0,Human respiratory syncytial virus,Inhibition of RSV Long fusion protein assessed as protection against virus induced cytopathic effect in infected human Hep2 cells after 5 days by CCK8 assay,NCCNc1cc(N2CCCc3ccccc3C2)nc2ccc(Cl)cc12,366.90
CHEMBL4166061,5000.0,5000.0,5000.0,,,CHEMBL2364165,Q89535,Fusion glycoprotein F0,Human respiratory syncytial virus,Inhibition of RSV long strain fusion protein infected in Hep2 cells assessed as reduction in virus-induced cytopathic effect after 5 days by CCK8 assay,OCCCCn1c(Cn2c3c(c4ccccc42)CCNC3)nc2ccccc21,374.49
CHEMBL4166459,62.0,62.0,62.0,,,CHEMBL2364165,Q89535,Fusion glycoprotein F0,Human respiratory syncytial virus,Inhibition of RSV Long fusion protein assessed as protection against virus induced cytopathic effect in infected human Hep2 cells after 5 days by CCK8 assay,Cc1ccc2nc(N3CCC(F)(F)c4ccccc4C3)cc(NCCN)c2c1,382.46
CHEMBL4166762,350.0,350.0,350.0,,,CHEMBL2364165,Q89535,Fusion glycoprotein F0,Human respiratory syncytial virus,Inhibition of RSV long strain fusion protein infected in Hep2 cells assessed as reduction in virus-induced cytopathic effect after 5 days by CCK8 assay,O=c1oc2ccccc2n1Cc1nc2ccccc2n1CCCCO,337.38
CHEMBL4166953,21.0,21.0,21.0,,,CHEMBL2364165,Q89535,Fusion glycoprotein F0,Human respiratory syncytial virus,Inhibition of RSV long strain fusion protein infected in Hep2 cells assessed as reduction in virus-induced cytopathic effect after 5 days by CCK8 assay,O=C1N(Cc2nc3cc(I)ccc3n2CCCCO)c2ccccc2C12CC2,487.34
CHEMBL4167039,71.0,71.0,71.0,,,CHEMBL2364165,Q89535,Fusion glycoprotein F0,Human respiratory syncytial virus,Inhibition of RSV Long fusion protein assessed as protection against virus induced cytopathic effect in infected human Hep2 cells after 5 days by CCK8 assay,Cc1ccc2nc(N3CCCc4ccc(F)cc4C3)cc(NCC3CCCCN3)c2c1,418.56
CHEMBL4167124,1500.0,1500.0,1500.0,,,CHEMBL2364165,Q89535,Fusion glycoprotein F0,Human respiratory syncytial virus,Inhibition of RSV Long fusion protein assessed as protection against virus induced cytopathic effect in infected human Hep2 cells after 5 days by CCK8 assay,NCCNc1cc(N2CCCc3ccccc3C2)nc2ccc(F)cc12,350.44
CHEMBL4167137,78.0,78.0,78.0,,,CHEMBL2364165,Q89535,Fusion glycoprotein F0,Human respiratory syncytial virus,Inhibition of Respiratory syncytial virus Long fusion glycoprotein infected in Hep2 cells assessed as reduction in virus-induced cytopathic effect after 4 days by spectrophotometric analysis,CS(=O)(=O)CCCn1c(Cn2cc(S(C)(=O)=O)c3ccncc32)nc2cc(Cl)ccc21,481.00
CHEMBL4167240,14.0,14.0,14.0,,,CHEMBL2364165,Q89535,Fusion glycoprotein F0,Human respiratory syncytial virus,Inhibition of RSV Long fusion protein assessed as protection against virus induced cytopathic effect in infected human Hep2 cells after 5 days by CCK8 assay,CNCCNc1cc(N2CCCc3ccc(F)cc3C2)nc2ccc(C)cc12,378.50
CHEMBL4167426,25.0,25.0,25.0,,,CHEMBL2364165,Q89535,Fusion glycoprotein F0,Human respiratory syncytial virus,Inhibition of RSV Long fusion protein assessed as protection against virus induced cytopathic effect in infected human Hep2 cells after 5 days by CCK8 assay,Cc1ccc2nc(N3CCCc4ccc(F)cc4C3)cc(NC(C)(C)CN)c2c1,392.52
CHEMBL4167556,180.0,180.0,180.0,,,CHEMBL2364165,Q89535,Fusion glycoprotein F0,Human respiratory syncytial virus,Inhibition of Respiratory syncytial virus Long fusion glycoprotein infected in Hep2 cells assessed as reduction in virus-induced cytopathic effect after 4 days by spectrophotometric analysis,CS(=O)(=O)CCCn1c(Cn2cc(S(C)(=O)=O)c3cc(F)ccc32)nc2cc(Cl)ccc21,498.00
CHEMBL4167631,130.0,130.0,130.0,,,CHEMBL2364165,Q89535,Fusion glycoprotein F0,Human respiratory syncytial virus,Inhibition of RSV long strain fusion protein infected in Hep2 cells assessed as reduction in virus-induced cytopathic effect after 5 days by CCK8 assay,CC1(C)C(=O)N(Cc2nc3ccccc3n2CCCCO)c2ccccc21,363.46
CHEMBL4168046,2300.0,2300.0,2300.0,,,CHEMBL2364165,Q89535,Fusion glycoprotein F0,Human respiratory syncytial virus,Inhibition of RSV Long fusion protein assessed as protection against virus induced cytopathic effect in infected human Hep2 cells after 5 days by CCK8 assay,NCCNc1cc(N2CCc3ccccc3C2)nc2ccccc12,318.42
CHEMBL4168325,14.0,14.0,14.0,,,CHEMBL2364165,Q89535,Fusion glycoprotein F0,Human respiratory syncytial virus,Inhibition of RSV Long fusion protein assessed as protection against virus induced cytopathic effect in infected human Hep2 cells after 5 days by CCK8 assay,Cc1ccc2nc(N3CCCc4ccc(F)cc4C3)cc(NCC(C)N)c2c1,378.50
CHEMBL4168630,93.0,93.0,93.0,,,CHEMBL2364165,Q89535,Fusion glycoprotein F0,Human respiratory syncytial virus,Inhibition of Respiratory syncytial virus Long fusion glycoprotein infected in Hep2 cells assessed as reduction in virus-induced cytopathic effect after 4 days by spectrophotometric analysis,CS(=O)(=O)CCn1c(Cn2cc(S(C)(=O)=O)c3ccccc32)nc2cc(Cl)ccc21,465.98
CHEMBL4168705,15.0,15.0,15.0,,,CHEMBL2364165,Q89535,Fusion glycoprotein F0,Human respiratory syncytial virus,Inhibition of RSV long strain fusion protein infected in Hep2 cells assessed as reduction in virus-induced cytopathic effect after 5 days by CCK8 assay,O=C1N(Cc2nc3ccccc3n2CCCCO)c2ccccc2C12CC2,361.45
CHEMBL4168819,460.0,460.0,460.0,,,CHEMBL2364165,Q89535,Fusion glycoprotein F0,Human respiratory syncytial virus,Inhibition of RSV Long fusion protein assessed as protection against virus induced cytopathic effect in infected human Hep2 cells after 5 days by CCK8 assay,Cc1ccc2nc(N3CCCc4cc(F)ccc4C3)cc(NCCN)c2c1,364.47
CHEMBL4169195,1.0,1.0,1.0,,,CHEMBL2364165,Q89535,Fusion glycoprotein F0,Human respiratory syncytial virus,Inhibition of Respiratory syncytial virus Long fusion glycoprotein infected in Hep2 cells assessed as reduction in virus-induced cytopathic effect after 4 days by spectrophotometric analysis,CS(=O)(=O)c1nn(Cc2nc3cc(Cl)ccc3n2CCC(O)C(F)(F)F)c2cnccc12,487.89
CHEMBL4169315,5.0,5.0,5.0,,,CHEMBL2364165,Q89535,Fusion glycoprotein F0,Human respiratory syncytial virus,Inhibition of RSV long strain fusion protein infected in Hep2 cells assessed as reduction in virus-induced cytopathic effect after 5 days by CCK8 assay,O=C1N(Cc2nc3cc(Br)ccc3n2CCCCO)c2ccccc2C12CSC2,472.41
CHEMBL4169483,13.0,13.0,13.0,,,CHEMBL2364165,Q89535,Fusion glycoprotein F0,Human respiratory syncytial virus,Inhibition of RSV long strain fusion protein infected in Hep2 cells assessed as reduction in virus-induced cytopathic effect after 5 days by CCK8 assay,O=C1N(Cc2nc3cc(F)ccc3n2CCCCO)c2ccccc2C12CC2,379.44
CHEMBL4169599,3.4,3.4,3.4,,,CHEMBL2364165,Q89535,Fusion glycoprotein F0,Human respiratory syncytial virus,Inhibition of Respiratory syncytial virus Long fusion glycoprotein infected in Hep2 cells assessed as reduction in virus-induced cytopathic effect after 4 days by spectrophotometric analysis,CS(=O)(=O)c1nn(Cc2nc3cc(Cl)ccc3n2CCCCC(F)(F)F)c2cnccc12,485.92
CHEMBL4169881,11.0,11.0,11.0,,,CHEMBL2364165,Q89535,Fusion glycoprotein F0,Human respiratory syncytial virus,Inhibition of RSV Long fusion protein assessed as protection against virus induced cytopathic effect in infected human Hep2 cells after 5 days by CCK8 assay,NCCNc1cc(N2CCS(=O)(=O)c3ccccc3C2)nc2ccccc12,382.49
CHEMBL4170167,2200.0,2200.0,2200.0,,,CHEMBL2364165,Q89535,Fusion glycoprotein F0,Human respiratory syncytial virus,Inhibition of RSV long strain fusion protein infected in Hep2 cells assessed as reduction in virus-induced cytopathic effect after 5 days by CCK8 assay,OCCCCn1c(Cn2ncc3ccncc32)nc2ccccc21,321.38
CHEMBL4170204,540.0,540.0,540.0,,,CHEMBL2364165,Q89535,Fusion glycoprotein F0,Human respiratory syncytial virus,Inhibition of RSV Long fusion protein assessed as protection against virus induced cytopathic effect in infected human Hep2 cells after 5 days by CCK8 assay,Cc1ccc2nc(N3CCCc4ccc(F)cc4C3)cc(NCCN3CCOCC3)c2c1,434.56
CHEMBL4170356,7.0,7.0,7.0,,,CHEMBL2364165,Q89535,Fusion glycoprotein F0,Human respiratory syncytial virus,Inhibition of RSV long strain fusion protein infected in Hep2 cells assessed as reduction in virus-induced cytopathic effect after 5 days by CCK8 assay,NCc1ccc2c(c1)nc(CN1C(=O)C3(CC3)c3ccccc31)n2CCCCO,390.49
CHEMBL4170528,6600.0,6600.0,6600.0,,,CHEMBL2364165,Q89535,Fusion glycoprotein F0,Human respiratory syncytial virus,Inhibition of RSV Long fusion protein assessed as protection against virus induced cytopathic effect in infected human Hep2 cells after 5 days by CCK8 assay,NCCNc1cc(N2CCCc3ccccc3C2)nc2cccc(Cl)c12,366.90
CHEMBL4170571,307.0,307.0,307.0,,,CHEMBL2364165,Q89535,Fusion glycoprotein F0,Human respiratory syncytial virus,Inhibition of RSV long strain fusion protein infected in Hep2 cells assessed as reduction in virus-induced cytopathic effect after 5 days by CCK8 assay,CN1CCC2(CC1)C(=O)N(Cc1nc3cc(Br)ccc3n1CCCCO)c1ccccc12,497.44
CHEMBL4170626,10.0,10.0,10.0,,,CHEMBL2364165,Q89535,Fusion glycoprotein F0,Human respiratory syncytial virus,Inhibition of RSV Long fusion protein assessed as protection against virus induced cytopathic effect in infected human Hep2 cells after 5 days by CCK8 assay,Cc1ccc2nc(N3CCCc4ccc(F)cc4C3)cc(NC(C)CN)c2c1,378.50
CHEMBL4170928,290.0,290.0,290.0,,,CHEMBL2364165,Q89535,Fusion glycoprotein F0,Human respiratory syncytial virus,Inhibition of Respiratory syncytial virus Long fusion glycoprotein infected in Hep2 cells assessed as reduction in virus-induced cytopathic effect after 4 days by spectrophotometric analysis,CNS(=O)(=O)c1cn(Cc2nc3cc(Cl)ccc3n2CCCS(C)(=O)=O)c2ccccc12,495.03
CHEMBL4170933,210.0,210.0,210.0,,,CHEMBL2364165,Q89535,Fusion glycoprotein F0,Human respiratory syncytial virus,Inhibition of RSV long strain fusion protein infected in Hep2 cells assessed as reduction in virus-induced cytopathic effect after 5 days by CCK8 assay,O=C1N(Cc2nc3cc(C(F)(F)F)ccc3n2CCCCO)c2ccccc2C12CC2,429.44
CHEMBL4171388,220.0,220.0,220.0,,,CHEMBL2364165,Q89535,Fusion glycoprotein F0,Human respiratory syncytial virus,Inhibition of RSV Long fusion protein assessed as protection against virus induced cytopathic effect in infected human Hep2 cells after 5 days by CCK8 assay,NCC(O)CNc1cc(N2CCc3ccccc3C2)nc2ccccc12,348.45
CHEMBL4171625,110.0,110.0,110.0,,,CHEMBL2364165,Q89535,Fusion glycoprotein F0,Human respiratory syncytial virus,Inhibition of RSV long strain fusion protein infected in Hep2 cells assessed as reduction in virus-induced cytopathic effect after 5 days by CCK8 assay,Cc1nc(=O)n(Cc2nc3ccccc3n2CCCCO)c2ccccc12,362.43
CHEMBL4171885,25.0,25.0,25.0,,,CHEMBL2364165,Q89535,Fusion glycoprotein F0,Human respiratory syncytial virus,Inhibition of Respiratory syncytial virus Long fusion glycoprotein infected in Hep2 cells assessed as reduction in virus-induced cytopathic effect after 4 days by spectrophotometric analysis,CS(=O)(=O)c1nn(Cc2nc3cc(Cl)ccc3n2CCO)c2cnccc12,405.87
CHEMBL4171983,2414.0,2414.0,2414.0,,,CHEMBL2364165,Q89535,Fusion glycoprotein F0,Human respiratory syncytial virus,Inhibition of Respiratory syncytial virus Long fusion glycoprotein infected in Hep2 cells assessed as reduction in virus-induced cytopathic effect after 4 days by spectrophotometric analysis,CS(=O)(=O)CCn1c(Cn2cc(S(C)(=O)=O)c3ccccc32)nc2ccccc21,431.54
CHEMBL4172054,37.0,37.0,37.0,,,CHEMBL2364165,Q89535,Fusion glycoprotein F0,Human respiratory syncytial virus,Inhibition of RSV long strain fusion protein infected in Hep2 cells assessed as reduction in virus-induced cytopathic effect after 5 days by CCK8 assay,O=C1N(Cc2nc3ccccc3n2CCCCO)c2cc(F)ccc2C12CC2,379.44
CHEMBL4172133,2.0,2.0,2.0,,,CHEMBL2364165,Q89535,Fusion glycoprotein F0,Human respiratory syncytial virus,Inhibition of Respiratory syncytial virus Long fusion glycoprotein infected in Hep2 cells assessed as reduction in virus-induced cytopathic effect after 4 days by spectrophotometric analysis,CS(=O)(=O)CCCc1c(CN2C(=O)C3(CC3)c3ccncc32)nc2cc(Cl)ccn12,444.94
CHEMBL4172317,7.9,7.9,7.9,,,CHEMBL2364165,Q89535,Fusion glycoprotein F0,Human respiratory syncytial virus,Inhibition of Respiratory syncytial virus Long fusion glycoprotein infected in Hep2 cells assessed as reduction in virus-induced cytopathic effect after 4 days by spectrophotometric analysis,CC(C)(O)CCn1c(Cn2nc(S(C)(=O)=O)c3ccncc32)nc2cc(Cl)ccc21,447.95
CHEMBL4172880,16.0,16.0,16.0,,,CHEMBL2364165,Q89535,Fusion glycoprotein F0,Human respiratory syncytial virus,Inhibition of RSV long strain fusion protein infected in Hep2 cells assessed as reduction in virus-induced cytopathic effect after 5 days by CCK8 assay,Cc1ccc2c(c1)nc(CN1C(=O)C3(CC3)c3ccccc31)n2CCCCO,375.47
CHEMBL4172993,221.0,221.0,221.0,,,CHEMBL2364165,Q89535,Fusion glycoprotein F0,Human respiratory syncytial virus,Inhibition of Respiratory syncytial virus Long fusion glycoprotein infected in Hep2 cells assessed as reduction in virus-induced cytopathic effect after 4 days by spectrophotometric analysis,CS(=O)(=O)c1nn(Cc2nc3cc(Cl)ccc3n2CC(N)C(F)(F)F)c2cnccc12,472.88
CHEMBL4173309,100.0,100.0,100.0,,,CHEMBL2364165,Q89535,Fusion glycoprotein F0,Human respiratory syncytial virus,Inhibition of RSV Long fusion protein assessed as protection against virus induced cytopathic effect in infected human Hep2 cells after 5 days by CCK8 assay,Cc1ccc2nc(N3CCCc4ccc(F)cc4C3)cc(NCCN)c2c1,364.47
CHEMBL4173310,480.0,480.0,480.0,,,CHEMBL2364165,Q89535,Fusion glycoprotein F0,Human respiratory syncytial virus,Inhibition of RSV long strain fusion protein infected in Hep2 cells assessed as reduction in virus-induced cytopathic effect after 5 days by CCK8 assay,CC1CC(=O)N(Cc2nc3ccccc3n2CCCCO)c2ccccc2N1,378.48
CHEMBL4173452,12.0,12.0,12.0,,,CHEMBL2364165,Q89535,Fusion glycoprotein F0,Human respiratory syncytial virus,Inhibition of Respiratory syncytial virus Long fusion glycoprotein infected in Hep2 cells assessed as reduction in virus-induced cytopathic effect after 4 days by spectrophotometric analysis,CS(=O)(=O)c1nn(Cc2nc3cc(Cl)ccc3n2CCOCCO)c2cnccc12,449.92
CHEMBL4174007,55.0,55.0,55.0,,,CHEMBL2364165,Q89535,Fusion glycoprotein F0,Human respiratory syncytial virus,Inhibition of RSV long strain fusion protein infected in Hep2 cells assessed as reduction in virus-induced cytopathic effect after 5 days by CCK8 assay,CN1CCOC2(C1)C(=O)N(Cc1nc3cc(Br)ccc3n1CCCCO)c1ccccc12,499.41
CHEMBL4174062,5.0,5.0,5.0,,,CHEMBL2364165,Q89535,Fusion glycoprotein F0,Human respiratory syncytial virus,Inhibition of Respiratory syncytial virus Long fusion glycoprotein infected in Hep2 cells assessed as reduction in virus-induced cytopathic effect after 4 days by spectrophotometric analysis,CS(=O)(=O)CCCn1c(Cn2nc(S(C)(=O)=O)c3ccncc32)nc2cc(Cl)ccc21,481.99
CHEMBL4174354,1100.0,1100.0,1100.0,,,CHEMBL2364165,Q89535,Fusion glycoprotein F0,Human respiratory syncytial virus,Inhibition of RSV Long fusion protein assessed as protection against virus induced cytopathic effect in infected human Hep2 cells after 5 days by CCK8 assay,NCCNc1cc(N2CCCc3ccccc3C2)nc2c(Cl)cccc12,366.90
CHEMBL4174662,180.0,180.0,180.0,,,CHEMBL2364165,Q89535,Fusion glycoprotein F0,Human respiratory syncytial virus,Inhibition of RSV long strain fusion protein infected in Hep2 cells assessed as reduction in virus-induced cytopathic effect after 5 days by CCK8 assay,Cc1nn(Cc2nc3ccccc3n2CCCCO)c2ccccc12,334.42
CHEMBL4174690,2.0,2560.0,642.0,,,CHEMBL2364165,Q89535,Fusion glycoprotein F0,Human respiratory syncytial virus,Inhibition of RSV Long fusion protein L138F mutant assessed as protection against virus induced cytopathic effect in infected human Hep2 cells after 5 days by CCK8 assay,Cc1ccc2nc(N3CCCc4ccc(F)cc4C3)cc(NCC3(N)COC3)c2c1,406.51
CHEMBL4174832,220.0,220.0,220.0,,,CHEMBL2364165,Q89535,Fusion glycoprotein F0,Human respiratory syncytial virus,Inhibition of RSV Long fusion protein assessed as protection against virus induced cytopathic effect in infected human Hep2 cells after 5 days by CCK8 assay,NCC(O)CNc1cc(N2CCCc3ccccc3C2)nc2ccccc12,362.48
CHEMBL4174923,39.0,39.0,39.0,,,CHEMBL2364165,Q89535,Fusion glycoprotein F0,Human respiratory syncytial virus,Inhibition of RSV Long fusion protein assessed as protection against virus induced cytopathic effect in infected human Hep2 cells after 5 days by CCK8 assay,Cc1ccc2nc(N3CCCc4ccc(F)cc4C3)cc(NC(=O)CN)c2c1,378.45
CHEMBL4175501,200.0,200.0,200.0,,,CHEMBL2364165,Q89535,Fusion glycoprotein F0,Human respiratory syncytial virus,Inhibition of RSV long strain fusion protein infected in Hep2 cells assessed as reduction in virus-induced cytopathic effect after 5 days by CCK8 assay,N#Cc1cn(Cc2nc3ccccc3n2CCCCO)c2ccccc12,344.42
CHEMBL4175600,7.0,7.0,7.0,,,CHEMBL2364165,Q89535,Fusion glycoprotein F0,Human respiratory syncytial virus,Inhibition of RSV Long fusion protein assessed as protection against virus induced cytopathic effect in infected human Hep2 cells after 5 days by CCK8 assay,Cc1ccc2nc(N3CCS(=O)(=O)c4ccccc4C3)cc(NCCCCN)c2c1,424.57
CHEMBL4175725,7.0,7.0,7.0,,,CHEMBL2364165,Q89535,Fusion glycoprotein F0,Human respiratory syncytial virus,Inhibition of Respiratory syncytial virus Long fusion glycoprotein infected in Hep2 cells assessed as reduction in virus-induced cytopathic effect after 4 days by spectrophotometric analysis,CC(C)(O)CCCn1c(Cn2nc(S(C)(=O)=O)c3ccncc32)nc2cc(Cl)ccc21,461.98
CHEMBL4176234,1100.0,1100.0,1100.0,,,CHEMBL2364165,Q89535,Fusion glycoprotein F0,Human respiratory syncytial virus,Inhibition of RSV Long fusion protein assessed as protection against virus induced cytopathic effect in infected human Hep2 cells after 5 days by CCK8 assay,NCCNc1cc(N2CCCc3ccccc3C2)nc2ccc(C(F)(F)F)cc12,400.45
CHEMBL4176303,2300.0,2300.0,2300.0,,,CHEMBL2364165,Q89535,Fusion glycoprotein F0,Human respiratory syncytial virus,Inhibition of RSV Long fusion protein assessed as protection against virus induced cytopathic effect in infected human Hep2 cells after 5 days by CCK8 assay,N=C(N)NCCNc1cc(N2CCc3ccccc3C2)nc2ccccc12,360.46
CHEMBL4176374,3.0,3.0,3.0,,,CHEMBL2364165,Q89535,Fusion glycoprotein F0,Human respiratory syncytial virus,Inhibition of Respiratory syncytial virus Long fusion glycoprotein infected in Hep2 cells assessed as reduction in virus-induced cytopathic effect after 4 days by spectrophotometric analysis,CS(=O)(=O)c1nn(Cc2nc3cc(Cl)ccc3n2CCC(O)C(F)F)c2cnccc12,469.90
CHEMBL4176580,37.0,37.0,37.0,,,CHEMBL2364165,Q89535,Fusion glycoprotein F0,Human respiratory syncytial virus,Inhibition of RSV Long fusion protein assessed as protection against virus induced cytopathic effect in infected human Hep2 cells after 5 days by CCK8 assay,Cc1ccc2nc(N3CCCc4ccc(F)cc4C3)cc(NCCN(C)C)c2c1,392.52
CHEMBL4176594,5.0,5.0,5.0,,,CHEMBL2364165,Q89535,Fusion glycoprotein F0,Human respiratory syncytial virus,Inhibition of RSV Long fusion protein assessed as protection against virus induced cytopathic effect in infected human Hep2 cells after 5 days by CCK8 assay,Cc1ccc2nc(N3CCCc4ccc(F)cc4C3)cc(NC3(CN)COC3)c2c1,406.51
CHEMBL4176676,310.0,310.0,310.0,,,CHEMBL2364165,Q89535,Fusion glycoprotein F0,Human respiratory syncytial virus,Inhibition of RSV Long fusion protein assessed as protection against virus induced cytopathic effect in infected human Hep2 cells after 5 days by CCK8 assay,Cc1ccc2nc(N3CC(=O)Nc4ccccc4C3)cc(NCCN)c2c1,361.45
CHEMBL4176678,110.0,110.0,110.0,,,CHEMBL2364165,Q89535,Fusion glycoprotein F0,Human respiratory syncytial virus,Inhibition of RSV long strain fusion protein infected in Hep2 cells assessed as reduction in virus-induced cytopathic effect after 5 days by CCK8 assay,Cc1cc(=O)n(Cc2nc3ccccc3n2CCCCO)c2ccccc12,361.45
CHEMBL4176976,1700.0,1700.0,1700.0,,,CHEMBL2364165,Q89535,Fusion glycoprotein F0,Human respiratory syncytial virus,Inhibition of RSV long strain fusion protein infected in Hep2 cells assessed as reduction in virus-induced cytopathic effect after 5 days by CCK8 assay,OCCCCn1c(Cn2c(C(F)(F)F)nc3ccccc32)nc2ccccc21,388.39
CHEMBL4177084,230.0,230.0,230.0,,,CHEMBL2364165,Q89535,Fusion glycoprotein F0,Human respiratory syncytial virus,Inhibition of RSV Long fusion protein assessed as protection against virus induced cytopathic effect in infected human Hep2 cells after 5 days by CCK8 assay,Cc1ccc2nc(N3CCNc4ccccc4C3)cc(NCCN)c2c1,347.47
CHEMBL4177156,8.0,8.0,8.0,,,CHEMBL2364165,Q89535,Fusion glycoprotein F0,Human respiratory syncytial virus,Inhibition of RSV long strain fusion protein infected in Hep2 cells assessed as reduction in virus-induced cytopathic effect after 5 days by CCK8 assay,O=C1N(Cc2nc3cc(Br)ccc3n2CCCCO)c2ccccc2C12CCOC2,470.37
CHEMBL4177457,5.4,5.4,5.4,,,CHEMBL2364165,Q89535,Fusion glycoprotein F0,Human respiratory syncytial virus,Inhibition of Respiratory syncytial virus Long fusion glycoprotein infected in Hep2 cells assessed as reduction in virus-induced cytopathic effect after 4 days by spectrophotometric analysis,CS(=O)(=O)c1nn(Cc2nc3cc(Cl)ccc3n2CC2COC2)c2cnccc12,431.91
CHEMBL4209320,5200.0,5200.0,5200.0,,,CHEMBL378,,Human immunodeficiency virus 1,,Antiviral activity against HIV1 931N101 infected in human SupT1 cells assessed as inhibition of viral entry mesaured after 96 hrs by p24- ELISA assay,CCOC(=O)C1=C(C)NC(=S)NC1c1ccccc1C,290.39
CHEMBL4212124,3500.0,3500.0,3500.0,,,CHEMBL378,,Human immunodeficiency virus 1,,Antiviral activity against HIV1 931N101 infected in human SupT1 cells assessed as inhibition of viral entry mesaured after 96 hrs by p24- ELISA assay,CCOC(=O)C1=C(C)NC(=S)NC1c1cccc(Cl)c1,310.81
CHEMBL4217844,7.0,7.0,7.0,,,CHEMBL379,,Hepatitis C virus,,Antiviral activity against HCV pseudo-particle containing JFH1 glycoprotein E1/E2 heterodimers infected in human Huh7.5 cells assessed as inhibition of viral entry,N=c1c(C(=O)NCc2ccccc2)cc2c(=O)n3ccccc3nc2n1Cc1ccccc1,435.49
CHEMBL4282625,2960.0,2960.0,2960.0,,,CHEMBL4879402,,Infectious hematopoietic necrosis virus,,Antiviral activity against Infectious hematopoietic necrosis virus infected in Fathead minnow EPC cells assessed as inhibition of G protein expression measured after 72 hrs by RT-qPCR method,O=c1ccc2ccc(OCCCCCCn3cnc4ccccc43)cc2o1,362.43
CHEMBL4297497,0.9,0.9,0.9,,2.0,CHEMBL3856166,P03420,Fusion glycoprotein F0,Human respiratory syncytial virus A (strain A2),Inhibition of Respiratory syncytial virus A2 fusion protein expressed in HEK293T cells harboring GAL4-NF-kappaB assessed as reduction in cell-cell fusion by luciferase assay,NCc1ccc2c(c1)nc(CN1C(=O)C3(CC3)c3ccc(F)cc31)n2CCCC(F)(F)F,446.45
CHEMBL434750,9640.0,9640.0,9640.0,,,CHEMBL613497,,Hepatitis B virus,,Antiviral activity against HBV infected human DMSO differentiated HuS-E/2 cells overexpressing NTCP assessed as assessed as inhibition of viral entry by measuring HBV mRNA level by qPCR analysis,CC(C)[C@@H](C)/C=C/[C@@H](C)[C@H]1CC[C@@H]2[C@]1(C)CC[C@H]1[C@]23C=C[C@]2(C[C@@H](O)CC[C@]12C)OO3,428.66
CHEMBL4435987,8.5,16.7,12.6,,,CHEMBL612545,,Unchecked,,Inhibition of pseudotype Lassa virus GPC expressed in human HEK293T cells assessed as reduction in GPC-mediated cell-cell fusion incubated for 24 hrs by luciferase reporter gene assay,COc1ccc2[nH]c(C(=O)N3CC(=O)N(Cc4ccccc4)[C@@H](CN4CCOCC4)C3)cc2c1,462.55
CHEMBL4436507,14.76,19.05,16.9,,,CHEMBL612545,,Unchecked,,Inhibition of pseudotype Machupo virus GPC expressed in human HEK293T cells assessed as reduction in GPC-mediated cell-cell fusion incubated for 24 hrs by luciferase reporter gene assay,CC(C)Oc1ccc(C(=O)N2CC(=O)N(Cc3ccccc3)[C@@H](Cc3ccccc3)C2)cc1,442.56
CHEMBL4437773,3.66,18.41,9.1,,,CHEMBL612545,,Unchecked,,Inhibition of pseudotype Machupo virus GPC expressed in human HEK293T cells assessed as reduction in GPC-mediated cell-cell fusion incubated for 24 hrs by luciferase reporter gene assay,COc1ccc2[nH]c(C(=O)N3CC(=O)N(Cc4cccc5[nH]ccc45)[C@@H](Cc4ccccc4)C3)cc2c1,492.58
CHEMBL4439099,19.4,19.4,19.4,,,CHEMBL612545,,Unchecked,,Inhibition of pseudotype Machupo virus GPC expressed in human HEK293T cells assessed as reduction in GPC-mediated cell-cell fusion incubated for 24 hrs by luciferase reporter gene assay,CC1(c2ccc(C(=O)N3CC(=O)N(Cc4ccccc4)[C@@H](Cc4ccccc4)C3)cc2)COC1,454.57
CHEMBL4440451,800.0,800.0,800.0,,,CHEMBL1293311,Q6QLK5,Envelope glycoprotein gp160,Human immunodeficiency virus 1,Inhibition of HIV1 gp41-induced cell-cell fusion between viral protein expressing human HL2/3 cells and TZM-bl target cells preincubated overnight with TZM-bl cells followed by co-incubation with HL2/3 cells for 6 hrs by luciferase reporter gene assay,CC(C)(C)OC(=O)n1ccc2ccc(-c3ccc4ccn(Cc5cccc(C(=O)O)c5)c4c3)cc21,466.54
CHEMBL4441575,5100.0,5100.0,5100.0,,,CHEMBL1293311,Q6QLK5,Envelope glycoprotein gp160,Human immunodeficiency virus 1,CD4 mimetic activity at gp120 in HIV-1 KP-5mvcR infected in human TZM-bl cells assessed as inhibition of viral entry by measuring reduction in RLU by single round assay,CC1(C)CC(NC(=O)C(=O)Nc2ccc(F)nc2)CC(C)(C)N1,322.38
CHEMBL4442081,2.08,3.04,2.7,,,CHEMBL612545,,Unchecked,,Inhibition of pseudotype Machupo virus GPC expressed in human HEK293T cells assessed as reduction in GPC-mediated cell-cell fusion incubated for 24 hrs by luciferase reporter gene assay,COc1ccc2[nH]c(C(=O)N3CC(=O)N(Cc4cccc(C)c4)[C@@H](Cc4ccccc4)C3)cc2c1,467.57
CHEMBL4442212,4600.0,4600.0,4600.0,,,CHEMBL1293311,Q6QLK5,Envelope glycoprotein gp160,Human immunodeficiency virus 1,Inhibition of HIV1 gp41-induced cell-cell fusion between viral protein expressing human HL2/3 cells and TZM-bl target cells preincubated overnight with TZM-bl cells followed by co-incubation with HL2/3 cells for 6 hrs by luciferase reporter gene assay,Cn1ccc2ccc(-c3ccc4cnn(Cc5cc(F)cc(C(=O)O)c5)c4c3)cc21,399.43
CHEMBL4443807,5.0,5.0,5.0,,,CHEMBL612545,,Unchecked,,Inhibition of Lassa virus GPC expressed in recombinant vaccinia virus infected in African green monkey Vero cells assessed as reduction in GPC-mediated cell-cell fusion by beta-galactosidase reporter gene assay,O=C(c1cc2ccccc2o1)N1CC(=O)N(Cc2cccc(O)c2)[C@@H](CCc2ccccc2)C1,454.53
CHEMBL4443823,4.01,6.0,4.9,,,CHEMBL612545,,Unchecked,,Inhibition of pseudotype Machupo virus GPC expressed in human HEK293T cells assessed as reduction in GPC-mediated cell-cell fusion incubated for 24 hrs by luciferase reporter gene assay,COc1ccc2[nH]c(C(=O)N3CC(=O)N(Cc4ccccc4)[C@@H](c4ccccn4)C3)cc2c1,440.50
CHEMBL4444155,13.3,13.3,13.3,,,CHEMBL612545,,Unchecked,,Inhibition of pseudotype Junin virus GPC expressed in human HEK293T cells assessed as reduction in GPC-mediated cell-cell fusion incubated for 24 hrs by luciferase reporter gene assay,COc1ccc2[nH]c(C(=O)N3CC(=O)N(Cc4ccccc4)[C@@H](Cc4ccccn4)C3)cc2c1,454.53
CHEMBL4446725,3.47,15.64,7.8,,,CHEMBL612545,,Unchecked,,Inhibition of pseudotype Machupo virus GPC expressed in human HEK293T cells assessed as reduction in GPC-mediated cell-cell fusion incubated for 24 hrs by luciferase reporter gene assay,Cc1ccc2[nH]c(C(=O)N3CC(=O)N(Cc4cccc(OC5CC5)c4)[C@@H](Cc4ccccc4)C3)cc2c1,493.61
CHEMBL4447075,5.1,20.65,10.3,,,CHEMBL612545,,Unchecked,,Inhibition of pseudotype Machupo virus GPC expressed in human HEK293T cells assessed as reduction in GPC-mediated cell-cell fusion incubated for 24 hrs by luciferase reporter gene assay,COc1ccc2[nH]c(C(=O)N3CC(=O)N(Cc4ccccc4)[C@@H](CN4CC5CC5C4)C3)cc2c1,458.56
CHEMBL4447094,25.4,25.4,25.4,,,CHEMBL612545,,Unchecked,,Inhibition of pseudotype Lassa virus GPC expressed in human HEK293T cells assessed as reduction in GPC-mediated cell-cell fusion incubated for 24 hrs by luciferase reporter gene assay,CC(=O)c1ccc2[nH]c(C(=O)N3CC(=O)N(Cc4ccccc4)[C@@H](Cc4ccccc4)C3)cc2c1,465.55
CHEMBL4447133,9.11,18.9,14.0,,,CHEMBL612545,,Unchecked,,Inhibition of pseudotype Machupo virus GPC expressed in human HEK293T cells assessed as reduction in GPC-mediated cell-cell fusion incubated for 24 hrs by luciferase reporter gene assay,COc1cccc(CN2C(=O)CN(C(=O)c3ccc(OC(F)F)cc3)C[C@@H]2Cc2ccccc2)c1,480.51
CHEMBL4448375,260.0,260.0,260.0,,,CHEMBL612237,,Human adenovirus 5,,Antiviral activity against Human adenovirus 5 infected in human A549 cells assessed as inhibition of viral entry after 48 hrs by GFP reporter gene based assay,O=C(Nc1cc(F)cc(C(F)(F)F)c1)c1ccc(Cl)cc1O,333.67
CHEMBL4449097,1.87,10.39,5.1,,,CHEMBL612545,,Unchecked,,Inhibition of pseudotype Machupo virus GPC expressed in human HEK293T cells assessed as reduction in GPC-mediated cell-cell fusion incubated for 24 hrs by luciferase reporter gene assay,O=C(c1ccc2[nH]ccc2c1)N1CC(=O)N(Cc2cccc(OC(F)F)c2)[C@@H](Cc2ccccc2)C1,489.52
CHEMBL4449272,1.5,10.2,5.7,,,CHEMBL612545,,Unchecked,,Inhibition of pseudotype Machupo virus GPC expressed in human HEK293T cells assessed as reduction in GPC-mediated cell-cell fusion incubated for 24 hrs by luciferase reporter gene assay,COc1ccc2[nH]c(C(=O)N3CC(=O)N(Cc4ccccc4)[C@@H](COc4ccc(F)cc4)C3)cc2c1,487.53
CHEMBL4449900,4.49,14.63,8.2,,,CHEMBL612545,,Unchecked,,Inhibition of pseudotype Machupo virus GPC expressed in human HEK293T cells assessed as reduction in GPC-mediated cell-cell fusion incubated for 24 hrs by luciferase reporter gene assay,Cc1ccc2[nH]c(C(=O)N3CC(=O)N(Cc4cccc(O)c4)[C@@H](Cc4ccccc4)C3)cc2c1,453.54
CHEMBL4451531,1.52,3.17,2.3,,,CHEMBL612545,,Unchecked,,Inhibition of pseudotype Machupo virus GPC expressed in human HEK293T cells assessed as reduction in GPC-mediated cell-cell fusion incubated for 24 hrs by luciferase reporter gene assay,COc1cccc(CN2C(=O)CN(C(=O)c3ccc4cc(OC)ccc4n3)C[C@@H]2Cc2ccccc2)c1,495.58
CHEMBL4452827,14.9,19.7,17.3,,,CHEMBL612545,,Unchecked,,Inhibition of pseudotype Lassa virus GPC expressed in human HEK293T cells assessed as reduction in GPC-mediated cell-cell fusion incubated for 24 hrs by luciferase reporter gene assay,COc1ccc2[nH]c(C(=O)N3CC(=O)N(Cc4ccoc4)[C@@H](Cc4ccccc4)C3)cc2c1,443.50
CHEMBL4453673,25.0,25.0,25.0,,,CHEMBL612545,,Unchecked,,Inhibition of pseudotype Machupo virus GPC expressed in human HEK293T cells assessed as reduction in GPC-mediated cell-cell fusion incubated for 24 hrs by luciferase reporter gene assay,N#Cc1ccc2[nH]c(C(=O)N3CC(=O)N(Cc4ccccc4)[C@@H](Cc4ccccc4)C3)cc2c1,448.53
CHEMBL445522,0.5,0.5012,0.5,,,CHEMBL612545,,Unchecked,,Inhibition of HIV1 gp120 binding to CD4 in human HeLa cells by cell fusion assay,CCOc1cccc2c(C(=O)C(=O)N3CCN(C(=O)c4ccccc4)CC3)c[nH]c12,405.45
CHEMBL4455287,17.9,24.22,22.1,,,CHEMBL612545,,Unchecked,,Inhibition of pseudotype Machupo virus GPC expressed in human HEK293T cells assessed as reduction in GPC-mediated cell-cell fusion incubated for 24 hrs by luciferase reporter gene assay,COc1ccc2[nH]c(C(=O)N3CC(=O)N(Cc4ccccc4)[C@@H](CN4CC5(CCC5)C4)C3)cc2c1,472.59
CHEMBL4455772,8.67,13.9,11.3,,,CHEMBL612545,,Unchecked,,Inhibition of pseudotype Machupo virus GPC expressed in human HEK293T cells assessed as reduction in GPC-mediated cell-cell fusion incubated for 24 hrs by luciferase reporter gene assay,COc1cccc2cc(C(=O)N3CC(=O)N(Cc4ccccc4)[C@@H](Cc4ccccc4)C3)oc12,454.53
CHEMBL4456717,4.84,12.83,8.8,,,CHEMBL612545,,Unchecked,,Inhibition of pseudotype Machupo virus GPC expressed in human HEK293T cells assessed as reduction in GPC-mediated cell-cell fusion incubated for 24 hrs by luciferase reporter gene assay,COc1ccc2[nH]c(C(=O)N3CC(=O)N(Cc4ccccc4)CC3Cc3ccccc3)cc2c1,453.54
CHEMBL4457512,1.5,4.325,2.9,,,CHEMBL612545,,Unchecked,,Inhibition of pseudotype Machupo virus GPC expressed in human HEK293T cells assessed as reduction in GPC-mediated cell-cell fusion incubated for 24 hrs by luciferase reporter gene assay,COc1cccc(CN2C(=O)CN(C(=O)c3cc4c(C)cccc4[nH]3)C[C@@H]2Cc2ccccc2)c1,467.57
CHEMBL4458236,5900.0,5900.0,5900.0,,,CHEMBL1293311,Q6QLK5,Envelope glycoprotein gp160,Human immunodeficiency virus 1,Inhibition of HIV1 gp41-induced cell-cell fusion between viral protein expressing human HL2/3 cells and TZM-bl target cells preincubated overnight with TZM-bl cells followed by co-incubation with HL2/3 cells for 6 hrs by luciferase reporter gene assay,CN(C(=O)OC(C)(C)C)c1cccc(-c2ccc3ccn(Cc4cccc(C(=O)O)c4)c3c2)c1,456.54
CHEMBL4458299,4.87,11.52,8.3,,,CHEMBL612545,,Unchecked,,Inhibition of pseudotype Machupo virus GPC expressed in human HEK293T cells assessed as reduction in GPC-mediated cell-cell fusion incubated for 24 hrs by luciferase reporter gene assay,COc1ccc2[nH]c(C(=O)N3CC(=O)N(Cc4ccccc4)[C@@H](Cc4ccccc4)C3)cc2c1,453.54
CHEMBL4458417,2.52,6.9,4.3,,,CHEMBL612545,,Unchecked,,Inhibition of pseudotype Machupo virus GPC expressed in human HEK293T cells assessed as reduction in GPC-mediated cell-cell fusion incubated for 24 hrs by luciferase reporter gene assay,COc1cccc(CN2C(=O)CN(C(=O)c3cc4cc(OC)ccc4[nH]3)C[C@@H]2Cc2ccccc2)c1,483.57
CHEMBL4459522,3000.0,3000.0,3000.0,,,CHEMBL1293311,Q6QLK5,Envelope glycoprotein gp160,Human immunodeficiency virus 1,Inhibition of HIV1 gp41-induced cell-cell fusion between viral protein expressing human HL2/3 cells and TZM-bl target cells preincubated overnight with TZM-bl cells followed by co-incubation with HL2/3 cells for 6 hrs by luciferase reporter gene assay,Nc1ccc(Cn2ccc3ccc(-c4ccc5ccn(Cc6cccc(C(=O)O)c6)c5c4)cc32)cc1,471.56
CHEMBL4459562,9.06,9.06,9.1,,,CHEMBL612545,,Unchecked,,Inhibition of pseudotype Lassa virus GPC expressed in human HEK293T cells assessed as reduction in GPC-mediated cell-cell fusion incubated for 24 hrs by luciferase reporter gene assay,O=C(c1ccc(OCC2CC2)cc1)N1CC(=O)N(Cc2ccccc2)[C@@H](Cc2ccccc2)C1,454.57
CHEMBL4459588,1.995,1.995,2.0,,,CHEMBL2364165,Q89535,Fusion glycoprotein F0,Human respiratory syncytial virus,Inhibition of GFP-fused RSV 224 fusion protein infected in human HeLa cells assessed as reduction in viral replication after 3 days by laser microscopic analysis,O=c1n(Cc2cc3cc(Cl)ccc3n2CCCCO)c2cnccc2n1C1CC1,410.91
CHEMBL4460006,15.8,15.8,15.8,,,CHEMBL612545,,Unchecked,,Inhibition of pseudotype Machupo virus GPC expressed in human HEK293T cells assessed as reduction in GPC-mediated cell-cell fusion incubated for 24 hrs by luciferase reporter gene assay,CC(C)Oc1cccc2[nH]c(C(=O)N3CC(=O)N(Cc4ccccc4)[C@@H](Cc4ccccc4)C3)cc12,481.60
CHEMBL4460349,2500.0,2500.0,2500.0,,,CHEMBL612237,,Human adenovirus 5,,Antiviral activity against Human adenovirus 5 infected in human A549 cells assessed as inhibition of viral entry after 48 hrs by GFP reporter gene based assay,CC[C@@H](C)[C@H](NC(=O)c1cc(Cl)ccc1O)C(=O)Nc1ccc([N+](=O)[O-])cc1Cl,440.28
CHEMBL4460995,4.77,24.61,15.8,,,CHEMBL612545,,Unchecked,,Inhibition of pseudotype Machupo virus GPC expressed in human HEK293T cells assessed as reduction in GPC-mediated cell-cell fusion incubated for 24 hrs by luciferase reporter gene assay,O=C(c1ccc(C2CC2)cc1)N1CC(=O)N(Cc2ccccc2)[C@@H](Cc2ccccc2)C1,424.54
CHEMBL4461939,3.15,11.2,7.2,,,CHEMBL612545,,Unchecked,,Inhibition of pseudotype Lassa virus GPC expressed in human HEK293T cells assessed as reduction in GPC-mediated cell-cell fusion incubated for 24 hrs by luciferase reporter gene assay,COc1ccc2[nH]c(C(=O)N3CC(=O)N(Cc4ccccc4)[C@@H](CN4CCC(C)CC4)C3)cc2c1,474.61
CHEMBL4462071,2.37,10.44,6.7,,,CHEMBL612545,,Unchecked,,Inhibition of pseudotype Machupo virus GPC expressed in human HEK293T cells assessed as reduction in GPC-mediated cell-cell fusion incubated for 24 hrs by luciferase reporter gene assay,COc1cccc(CN2C(=O)CN(C(=O)c3cc4cc(C(C)C)ccc4[nH]3)C[C@@H]2Cc2ccccc2)c1,495.62
CHEMBL4463561,1.95,21.52,8.7,,,CHEMBL612545,,Unchecked,,Inhibition of pseudotype Machupo virus GPC expressed in human HEK293T cells assessed as reduction in GPC-mediated cell-cell fusion incubated for 24 hrs by luciferase reporter gene assay,Cc1ccc2[nH]c(C(=O)N3CC(=O)N(Cc4ccccc4)[C@@H](Cc4ccccc4)C3)cc2c1,437.54
CHEMBL4463724,0.99,5.65,3.1,,,CHEMBL612545,,Unchecked,,Inhibition of pseudotype Machupo virus GPC expressed in human HEK293T cells assessed as reduction in GPC-mediated cell-cell fusion incubated for 24 hrs by luciferase reporter gene assay,COc1ccc2[nH]c(C(=O)N3CC(=O)N(Cc4ccc5c(c4)CCO5)[C@@H](Cc4ccccc4)C3)cc2c1,495.58
CHEMBL4464574,1600.0,1600.0,1600.0,,,CHEMBL1293311,Q6QLK5,Envelope glycoprotein gp160,Human immunodeficiency virus 1,Inhibition of HIV1 gp41-induced cell-cell fusion between viral protein expressing human HL2/3 cells and TZM-bl target cells preincubated overnight with TZM-bl cells followed by co-incubation with HL2/3 cells for 6 hrs by luciferase reporter gene assay,COc1cccc(CN(C)c2cccc(-c3ccc4ccn(Cc5cccc(C(=O)O)c5)c4c3)c2)c1,476.58
CHEMBL4466377,4.78,17.15,9.0,,,CHEMBL612545,,Unchecked,,Inhibition of pseudotype Machupo virus GPC expressed in human HEK293T cells assessed as reduction in GPC-mediated cell-cell fusion incubated for 24 hrs by luciferase reporter gene assay,Cc1ccc2[nH]c(C(=O)N3CC(=O)N(Cc4cccc(C5COC5)c4)[C@@H](Cc4ccccc4)C3)cc2c1,493.61
CHEMBL4466581,2900.0,2900.0,2900.0,,,CHEMBL1293311,Q6QLK5,Envelope glycoprotein gp160,Human immunodeficiency virus 1,Inhibition of HIV1 gp41-induced cell-cell fusion between viral protein expressing human HL2/3 cells and TZM-bl target cells preincubated overnight with TZM-bl cells followed by co-incubation with HL2/3 cells for 6 hrs by luciferase reporter gene assay,CC(C)(C)OC(=O)N1CCc2ccc(-c3ccc4ccn(Cc5cccc(C(=O)O)c5)c4c3)cc21,468.55
CHEMBL4468550,2000.0,2000.0,2000.0,,,CHEMBL1293311,Q6QLK5,Envelope glycoprotein gp160,Human immunodeficiency virus 1,Inhibition of HIV1 gp41-induced cell-cell fusion between viral protein expressing human HL2/3 cells and TZM-bl target cells preincubated overnight with TZM-bl cells followed by co-incubation with HL2/3 cells for 6 hrs by luciferase reporter gene assay,Cn1ccc2cc(F)c(-c3ccc4ccn(Cc5cc(F)cc(C(=O)O)c5)c4c3)cc21,416.43
CHEMBL4468652,5.53,20.75,10.6,,,CHEMBL612545,,Unchecked,,Inhibition of pseudotype Machupo virus GPC expressed in human HEK293T cells assessed as reduction in GPC-mediated cell-cell fusion incubated for 24 hrs by luciferase reporter gene assay,COc1ccc2[nH]c(C(=O)N3CC(=O)N(Cc4ccccc4)[C@@H](COc4ccccc4)C3)cc2c1,469.54
CHEMBL4468815,2100.0,2100.0,2100.0,,3.0,CHEMBL3856166,P03420,Fusion glycoprotein F0,Human respiratory syncytial virus A (strain A2),Inhibition of Human respiratory syncytial virus Fusion protein D489A mutant expressed in Hep2 cells as reduction in virus induced cytopathic effect by CCK-8 assay,Cc1ccc2nc(N3CCS(=O)(=O)c4ccccc4C3)nc(NCC3(N)COC3)c2c1,439.54
CHEMBL4469438,0.4,0.4,0.4,,,CHEMBL3856166,P03420,Fusion glycoprotein F0,Human respiratory syncytial virus A (strain A2),Inhibition of Respiratory syncytial virus A2 fusion protein expressed in HEK293T cells harboring GAL4-NF-kappaB assessed as reduction in cell-cell fusion by luciferase assay,CC(C)CCn1c(CN2C(=O)C3(CC3)c3ccccc32)nc2cc(CN)ccc21,388.52
CHEMBL4469793,1.02,2.15,1.4,,,CHEMBL612545,,Unchecked,,Inhibition of pseudotype Machupo virus GPC expressed in human HEK293T cells assessed as reduction in GPC-mediated cell-cell fusion incubated for 24 hrs by luciferase reporter gene assay,COc1ccc2[nH]c(C(=O)N3CC(=O)N(Cc4ccccc4)[C@@H](N4CCc5ccccc54)C3)cc2c1,480.57
CHEMBL4470309,6.5,22.7,12.9,,,CHEMBL612545,,Unchecked,,Inhibition of pseudotype Machupo virus GPC expressed in human HEK293T cells assessed as reduction in GPC-mediated cell-cell fusion incubated for 24 hrs by luciferase reporter gene assay,COc1ccc2[nH]c(C(=O)N3CC(=O)N(Cc4ccccc4)[C@@H](CN4C5CCCC4CC5)C3)cc2c1,486.62
CHEMBL4470387,4.66,21.65,10.8,,,CHEMBL612545,,Unchecked,,Inhibition of pseudotype Machupo virus GPC expressed in human HEK293T cells assessed as reduction in GPC-mediated cell-cell fusion incubated for 24 hrs by luciferase reporter gene assay,COc1cccc(CN2C(=O)CN(C(=O)c3ccc4cc[nH]c4c3)C[C@@H]2Cc2ccccc2)c1,453.54
CHEMBL4470420,2.15,23.3,13.5,,,CHEMBL612545,,Unchecked,,Inhibition of pseudotype Machupo virus GPC expressed in human HEK293T cells assessed as reduction in GPC-mediated cell-cell fusion incubated for 24 hrs by luciferase reporter gene assay,COc1cccc(CN2C(=O)CN(C(=O)c3cc4cc(OC)ccc4[nH]3)C[C@@H]2Cc2ccccn2)c1,484.56
CHEMBL4470745,6.0,6.0,6.0,,,CHEMBL612545,,Unchecked,,Inhibition of Lassa virus GPC expressed in recombinant vaccinia virus infected in African green monkey Vero cells assessed as reduction in GPC-mediated cell-cell fusion by beta-galactosidase reporter gene assay,CCOc1ccc(C(=O)N2CC(=O)N(Cc3cccc(OC)c3)[C@@H](CCc3ccccc3)C2)cc1,472.59
CHEMBL4470912,20.1,20.1,20.1,,,CHEMBL612545,,Unchecked,,Inhibition of pseudotype Machupo virus GPC expressed in human HEK293T cells assessed as reduction in GPC-mediated cell-cell fusion incubated for 24 hrs by luciferase reporter gene assay,O=C(c1cc2c(OCC3CC3)cccc2[nH]1)N1CC(=O)N(Cc2ccccc2)[C@@H](Cc2ccccc2)C1,493.61
CHEMBL4471023,7.0,7.0,7.0,,,CHEMBL612545,,Unchecked,,Inhibition of Lassa virus GPC expressed in recombinant vaccinia virus infected in African green monkey Vero cells assessed as reduction in GPC-mediated cell-cell fusion by beta-galactosidase reporter gene assay,COc1ccc2oc(C(=O)N3CC(=O)N(Cc4cccc(C)c4)[C@@H](CCc4ccccc4)C3)cc2c1,482.58
CHEMBL4471102,4.42,14.27,8.0,,,CHEMBL612545,,Unchecked,,Inhibition of pseudotype Machupo virus GPC expressed in human HEK293T cells assessed as reduction in GPC-mediated cell-cell fusion incubated for 24 hrs by luciferase reporter gene assay,COc1cccc(CN2C(=O)CN(C(=O)c3cc4cc(OC)ccc4[nH]3)C[C@@H]2c2ccccc2)c1,469.54
CHEMBL4471451,4.67,6.68,5.8,,,CHEMBL612545,,Unchecked,,Inhibition of pseudotype Machupo virus GPC expressed in human HEK293T cells assessed as reduction in GPC-mediated cell-cell fusion incubated for 24 hrs by luciferase reporter gene assay,COc1ccc2[nH]c(C(=O)N3CC(=O)N(Cc4ccccc4)[C@@H](N4CCC(C)(C)CC4)C3)cc2c1,474.61
CHEMBL4471737,2.13,5.8,3.7,,,CHEMBL612545,,Unchecked,,Inhibition of pseudotype Machupo virus GPC expressed in human HEK293T cells assessed as reduction in GPC-mediated cell-cell fusion incubated for 24 hrs by luciferase reporter gene assay,COc1ccc2[nH]c(C(=O)N3CC(=O)N(Cc4ccccc4)[C@@H](CCc4ccccc4)C3)cc2c1,467.57
CHEMBL4471740,1.04,23.4,9.1,,,CHEMBL612545,,Unchecked,,Inhibition of pseudotype Machupo virus GPC expressed in human HEK293T cells assessed as reduction in GPC-mediated cell-cell fusion incubated for 24 hrs by luciferase reporter gene assay,COc1cccc(CN2C(=O)[C@H](C)N(C(=O)c3cc4cc(OC)ccc4[nH]3)C[C@@H]2Cc2ccccc2)c1,497.60
CHEMBL4471877,1.19,21.3,13.7,,,CHEMBL612545,,Unchecked,,Inhibition of pseudotype Machupo virus GPC expressed in human HEK293T cells assessed as reduction in GPC-mediated cell-cell fusion incubated for 24 hrs by luciferase reporter gene assay,COc1ccc2[nH]c(C(=O)N3CC(=O)N(Cc4ccc[nH]4)[C@@H](Cc4ccccc4)C3)cc2c1,442.52
CHEMBL4472090,19.13,26.9,23.0,,,CHEMBL612545,,Unchecked,,Inhibition of pseudotype Lassa virus GPC expressed in human HEK293T cells assessed as reduction in GPC-mediated cell-cell fusion incubated for 24 hrs by luciferase reporter gene assay,COc1cccc2[nH]c(C(=O)N3CC(=O)N(Cc4ccccc4)CC3Cc3ccccc3)cc12,453.54
CHEMBL4473321,2.33,15.58,9.5,,,CHEMBL612545,,Unchecked,,Inhibition of pseudotype Machupo virus GPC expressed in human HEK293T cells assessed as reduction in GPC-mediated cell-cell fusion incubated for 24 hrs by luciferase reporter gene assay,O=C(c1cc2cc(C3CC3)ccc2[nH]1)N1CC(=O)N(Cc2ccccc2)[C@@H](CN2CCC3(CC2)CC3)C1,496.66
CHEMBL4474737,2230.0,2230.0,2230.0,,,CHEMBL612237,,Human adenovirus 5,,Antiviral activity against Human adenovirus 5 infected in human A549 cells assessed as inhibition of viral entry after 48 hrs by GFP reporter gene based assay,O=C(Nc1cc(F)cc(C(F)(F)F)c1)c1cc(Cl)ccc1O,333.67
CHEMBL4475653,1.74,2.39,2.0,,,CHEMBL612545,,Unchecked,,Inhibition of pseudotype Machupo virus GPC expressed in human HEK293T cells assessed as reduction in GPC-mediated cell-cell fusion incubated for 24 hrs by luciferase reporter gene assay,COc1cccc(CN2C(=O)CN(C(=O)c3cc4cc(OC)ccc4[nH]3)C[C@@H]2CCc2ccccc2)c1,497.60
CHEMBL4475986,0.94,356.0,89.9,,,CHEMBL612545,,Unchecked,,Inhibition of pseudotype Machupo virus GPC expressed in human HEK293T cells assessed as reduction in GPC-mediated cell-cell fusion incubated for 24 hrs by luciferase reporter gene assay,Cc1cccc(CN2C(=O)CN(C(=O)c3cc4cc(C5CC5)ccc4[nH]3)C[C@@H]2Cc2ccccc2)c1,477.61
CHEMBL4476284,1.4,4.5,2.8,,,CHEMBL612545,,Unchecked,,Inhibition of pseudotype Machupo virus GPC expressed in human HEK293T cells assessed as reduction in GPC-mediated cell-cell fusion incubated for 24 hrs by luciferase reporter gene assay,COc1ccc2[nH]c(C(=O)N3CC(=O)N(Cc4ccccc4)[C@@H](N4[C@H](C)CCC[C@@H]4C)C3)cc2c1,474.61
CHEMBL4476466,11.6,19.87,15.7,,,CHEMBL612545,,Unchecked,,Inhibition of pseudotype Machupo virus GPC expressed in human HEK293T cells assessed as reduction in GPC-mediated cell-cell fusion incubated for 24 hrs by luciferase reporter gene assay,CCc1ccc2[nH]c(C(=O)N3CC(=O)N(Cc4ccccc4)[C@@H](Cc4ccccc4)C3)cc2c1,451.57
CHEMBL4476471,4.285,5.53,4.7,,,CHEMBL612545,,Unchecked,,Inhibition of pseudotype Machupo virus GPC expressed in human HEK293T cells assessed as reduction in GPC-mediated cell-cell fusion incubated for 24 hrs by luciferase reporter gene assay,COc1ccc2[nH]c(C(=O)N3CC(=O)N(Cc4ccccc4)[C@@H](COCc4ccccc4)C3)cc2c1,483.57
CHEMBL4513633,4.01,6.0,4.9,,,CHEMBL612545,,Unchecked,,Inhibition of pseudotype Machupo virus GPC expressed in human HEK293T cells assessed as reduction in GPC-mediated cell-cell fusion incubated for 24 hrs by luciferase reporter gene assay,COc1ccc2[nH]c(C(=O)N3CC(=O)N(Cc4ccccc4)[C@@H](COC(C)(C)C)C3)cc2c1,449.55
CHEMBL4513769,14.6,14.6,14.6,,,CHEMBL612545,,Unchecked,,Inhibition of pseudotype Lassa virus GPC expressed in human HEK293T cells assessed as reduction in GPC-mediated cell-cell fusion incubated for 24 hrs by luciferase reporter gene assay,O=C(c1cc2cc(C3CC3)ccc2[nH]1)N1CC(=O)N(Cc2ccccc2)[C@@H](Cc2ccccc2)C1,463.58
CHEMBL4513887,1000.0,1000.0,1000.0,,,CHEMBL1293311,Q6QLK5,Envelope glycoprotein gp160,Human immunodeficiency virus 1,Inhibition of HIV1 gp41-induced cell-cell fusion between viral protein expressing human HL2/3 cells and TZM-bl target cells preincubated overnight with TZM-bl cells followed by co-incubation with HL2/3 cells for 6 hrs by luciferase reporter gene assay,COc1cccc(CN2CCc3ccc(-c4ccc5ccn(Cc6cccc(C(=O)O)c6)c5c4)cc32)c1,488.59
CHEMBL4516249,8.87,15.52,11.2,,,CHEMBL612545,,Unchecked,,Inhibition of pseudotype Machupo virus GPC expressed in human HEK293T cells assessed as reduction in GPC-mediated cell-cell fusion incubated for 24 hrs by luciferase reporter gene assay,COc1ccc2[nH]c(C(=O)N3CC(=O)N(Cc4ccccc4)[C@@H](CN4CC5CCCC5C4)C3)cc2c1,486.62
CHEMBL4518320,10.57,10.57,10.6,,,CHEMBL612545,,Unchecked,,Inhibition of pseudotype Machupo virus GPC expressed in human HEK293T cells assessed as reduction in GPC-mediated cell-cell fusion incubated for 24 hrs by luciferase reporter gene assay,COc1ccc2[nH]c(C(=O)N3CC(=O)N(Cc4cc5ccccc5[nH]4)[C@@H](Cc4ccccc4)C3)cc2c1,492.58
CHEMBL4522259,4.8,10.2,7.5,,,CHEMBL612545,,Unchecked,,Inhibition of pseudotype Machupo virus GPC expressed in human HEK293T cells assessed as reduction in GPC-mediated cell-cell fusion incubated for 24 hrs by luciferase reporter gene assay,COc1cccc(CN2C(=O)CN(C(=O)c3ccc(N4CCCC4)cc3)C[C@@H]2Cc2ccccc2)c1,483.61
CHEMBL4522370,6.06,6.06,6.1,,,CHEMBL612545,,Unchecked,,Inhibition of pseudotype Junin virus GPC expressed in human HEK293T cells assessed as reduction in GPC-mediated cell-cell fusion incubated for 24 hrs by luciferase reporter gene assay,Cc1ccc2[nH]c(C(=O)N3CC(=O)N(Cc4ccccc4C4CC4)[C@@H](Cc4ccccc4)C3)cc2c1,477.61
CHEMBL4525570,5.08,8.05,6.2,,,CHEMBL612545,,Unchecked,,Inhibition of pseudotype Machupo virus GPC expressed in human HEK293T cells assessed as reduction in GPC-mediated cell-cell fusion incubated for 24 hrs by luciferase reporter gene assay,COc1cccc(CN2C(=O)CN(C(=O)c3cc4cc(OC)ccc4[nH]3)C[C@@H]2Cc2ccc(O)cc2)c1,499.57
CHEMBL4526684,4.27,9.86,7.3,,,CHEMBL612545,,Unchecked,,Inhibition of pseudotype Machupo virus GPC expressed in human HEK293T cells assessed as reduction in GPC-mediated cell-cell fusion incubated for 24 hrs by luciferase reporter gene assay,COc1cccc(CN2C(=O)CN(C(=O)c3ccc4[nH]ccc4c3)C[C@@H]2Cc2ccccc2)c1,453.54
CHEMBL4526705,12.7,12.7,12.7,,,CHEMBL612545,,Unchecked,,Inhibition of pseudotype Machupo virus GPC expressed in human HEK293T cells assessed as reduction in GPC-mediated cell-cell fusion incubated for 24 hrs by luciferase reporter gene assay,COc1ccc2[nH]c(C(=O)N3CC(=O)N(Cc4cccc5cc[nH]c45)[C@@H](Cc4ccccc4)C3)cc2c1,492.58
CHEMBL4528173,1.74,7.0,3.2,,,CHEMBL612545,,Unchecked,,Inhibition of pseudotype Machupo virus GPC expressed in human HEK293T cells assessed as reduction in GPC-mediated cell-cell fusion incubated for 24 hrs by luciferase reporter gene assay,COc1cccc(CN2C(=O)CN(C(=O)c3cc4cc(OC)ccc4o3)C[C@@H]2CCc2ccccc2)c1,498.58
CHEMBL4528473,0.733,2.68,1.7,,,CHEMBL612545,,Unchecked,,Inhibition of pseudotype Machupo virus GPC expressed in human HEK293T cells assessed as reduction in GPC-mediated cell-cell fusion incubated for 24 hrs by luciferase reporter gene assay,COc1ccc2[nH]c(C(=O)N3CC(=O)N(Cc4ccc5cc[nH]c5c4)[C@@H](Cc4ccccc4)C3)cc2c1,492.58
CHEMBL4529358,25.0,25.0,25.0,,,CHEMBL612545,,Unchecked,,Inhibition of pseudotype Junin virus GPC expressed in human HEK293T cells assessed as reduction in GPC-mediated cell-cell fusion incubated for 24 hrs by luciferase reporter gene assay,COc1ccc2[nH]c(C(=O)N3CC(=O)N(c4ccccc4)[C@@H](Cc4ccccc4)C3)cc2c1,439.52
CHEMBL4531454,5.0,5.0,5.0,,,CHEMBL612545,,Unchecked,,Inhibition of Lassa virus GPC expressed in recombinant vaccinia virus infected in African green monkey Vero cells assessed as reduction in GPC-mediated cell-cell fusion by beta-galactosidase reporter gene assay,CCOc1ccc(C(=O)N2CC(=O)N(Cc3cccc(C)c3)[C@@H](CCc3ccccc3)C2)cc1,456.59
CHEMBL4531551,9700.0,9700.0,9700.0,,,CHEMBL612237,,Human adenovirus 5,,Antiviral activity against Human adenovirus 5 infected in human A549 cells assessed as inhibition of viral entry after 48 hrs by GFP reporter gene based assay,O=C(N[C@H](Cc1ccccc1)C(=O)Nc1ccc([N+](=O)[O-])cc1Cl)c1cc(Cl)ccc1O,474.30
CHEMBL4531905,11.87,17.18,14.5,,,CHEMBL612545,,Unchecked,,Inhibition of pseudotype Machupo virus GPC expressed in human HEK293T cells assessed as reduction in GPC-mediated cell-cell fusion incubated for 24 hrs by luciferase reporter gene assay,Cc1ccc2[nH]c(C(=O)N3CC(=O)N(Cc4ccccc4)[C@@H](CN4CCC5(CCC5)CC4)C3)cc2c1,484.64
CHEMBL4532524,4.235,4.235,4.2,,,CHEMBL612545,,Unchecked,,Inhibition of pseudotype Junin virus GPC expressed in human HEK293T cells assessed as reduction in GPC-mediated cell-cell fusion incubated for 24 hrs by luciferase reporter gene assay,CC(C)Oc1ccc2[nH]c(C(=O)N3CC(=O)N(Cc4ccccc4)[C@@H](Cc4ccccc4)C3)cc2c1,481.60
CHEMBL4533211,1.56,5.45,3.3,,,CHEMBL612545,,Unchecked,,Inhibition of pseudotype Machupo virus GPC expressed in human HEK293T cells assessed as reduction in GPC-mediated cell-cell fusion incubated for 24 hrs by luciferase reporter gene assay,COc1ccc2[nH]c(C(=O)N3CC(=O)N(Cc4ccccc4OC)[C@@H](Cc4ccccc4)C3)cc2c1,483.57
CHEMBL4533529,9400.0,9400.0,9400.0,,,CHEMBL612545,,Unchecked,,Inhibition of HIV1 gp120-mediated cell-cell fusion between viral envelope expressing in human HL2/3 cells to CD4/CCR5 receptor expressing in human TZM-bl cells after 1 hr by luciferase reporter gene assay,NC[C@H](NC(=O)c1ccc(-c2ccc(C(F)(F)F)c(F)c2)[nH]1)c1nc(CO)cs1,428.41
CHEMBL4533789,1.24,1.83,1.4,,,CHEMBL612545,,Unchecked,,Inhibition of pseudotype Machupo virus GPC expressed in human HEK293T cells assessed as reduction in GPC-mediated cell-cell fusion incubated for 24 hrs by luciferase reporter gene assay,COc1cccc(CN2C(=O)CN(C(=O)c3cc4cc(C)ccc4[nH]3)C[C@@H]2Cc2ccccc2)c1,467.57
CHEMBL4533938,9.38,9.38,9.4,,,CHEMBL612545,,Unchecked,,Inhibition of pseudotype Lassa virus GPC expressed in human HEK293T cells assessed as reduction in GPC-mediated cell-cell fusion incubated for 24 hrs by luciferase reporter gene assay,O=C(c1cc2cc(OCC3CC3)ccc2[nH]1)N1CC(=O)N(Cc2ccccc2)[C@@H](Cc2ccccc2)C1,493.61
CHEMBL4534062,2.42,5.38,3.4,,,CHEMBL612545,,Unchecked,,Inhibition of pseudotype Machupo virus GPC expressed in human HEK293T cells assessed as reduction in GPC-mediated cell-cell fusion incubated for 24 hrs by luciferase reporter gene assay,COc1ccc2[nH]c(C(=O)N3CC(=O)N(Cc4ccccc4O)[C@@H](Cc4ccccc4)C3)cc2c1,469.54
CHEMBL4535465,12.3,20.6,16.5,,,CHEMBL612545,,Unchecked,,Inhibition of pseudotype Lassa virus GPC expressed in human HEK293T cells assessed as reduction in GPC-mediated cell-cell fusion incubated for 24 hrs by luciferase reporter gene assay,COc1ccc2[nH]c(C(=O)N3CC(=O)N(Cc4ccc(F)cc4)[C@@H](Cc4ccccc4)C3)cc2c1,471.53
CHEMBL4536255,4.75,5.35,5.0,,,CHEMBL612545,,Unchecked,,Inhibition of pseudotype Machupo virus GPC expressed in human HEK293T cells assessed as reduction in GPC-mediated cell-cell fusion incubated for 24 hrs by luciferase reporter gene assay,COc1ccc2[nH]c(C(=O)N3CC(=O)N(Cc4ccccc4)[C@@H](CN4CCCCC4)C3)cc2c1,460.58
CHEMBL4538654,8.0,8.0,8.0,,,CHEMBL612545,,Unchecked,,Inhibition of Lassa virus GPC expressed in recombinant vaccinia virus infected in African green monkey Vero cells assessed as reduction in GPC-mediated cell-cell fusion by beta-galactosidase reporter gene assay,COc1ccc2oc(C(=O)N3CC(=O)N(Cc4cccc(O)c4)[C@@H](CCc4ccccc4)C3)cc2c1,484.55
CHEMBL4543563,10.3,10.3,10.3,,,CHEMBL612545,,Unchecked,,Inhibition of pseudotype Junin virus GPC expressed in human HEK293T cells assessed as reduction in GPC-mediated cell-cell fusion incubated for 24 hrs by luciferase reporter gene assay,COc1ccc2[nH]c(C(=O)N3CC(=O)N(Cc4cccc(OC)n4)[C@@H](Cc4ccccc4)C3)cc2c1,484.56
CHEMBL4545094,1.0,2.79,1.6,,,CHEMBL612545,,Unchecked,,Inhibition of pseudotype Machupo virus GPC expressed in human HEK293T cells assessed as reduction in GPC-mediated cell-cell fusion incubated for 24 hrs by luciferase reporter gene assay,O=C(c1cc2cc(C3CC3)ccc2[nH]1)N1CC(=O)N(Cc2cccc(CO)c2)[C@@H](Cc2ccccc2)C1,493.61
CHEMBL4545096,1.75,7.67,3.8,,,CHEMBL612545,,Unchecked,,Inhibition of pseudotype Machupo virus GPC expressed in human HEK293T cells assessed as reduction in GPC-mediated cell-cell fusion incubated for 24 hrs by luciferase reporter gene assay,COc1ccc2[nH]c(C(=O)N3CC(=O)N(Cc4cccc(C(C)=O)c4)[C@@H](Cc4ccccc4)C3)cc2c1,495.58
CHEMBL4545588,13.1,20.6,16.9,,,CHEMBL612545,,Unchecked,,Inhibition of pseudotype Machupo virus GPC expressed in human HEK293T cells assessed as reduction in GPC-mediated cell-cell fusion incubated for 24 hrs by luciferase reporter gene assay,COc1cccc(CN2C(=O)CN(C(=O)c3ccc(C(C)C)cc3)C[C@@H]2Cc2ccccc2)c1,456.59
CHEMBL4546046,2.4,5.61,3.9,,,CHEMBL612545,,Unchecked,,Inhibition of pseudotype Machupo virus GPC expressed in human HEK293T cells assessed as reduction in GPC-mediated cell-cell fusion incubated for 24 hrs by luciferase reporter gene assay,COc1cccc(CN2C(=O)CN(C(=O)c3ccc(OCC4CC4)cc3)C[C@@H]2Cc2ccccc2)c1,484.60
CHEMBL4547005,460.0,890.0,675.0,,,CHEMBL1293311,Q6QLK5,Envelope glycoprotein gp160,Human immunodeficiency virus 1,Inhibition of HIV1 gp120-mediated cell-cell fusion between HIV1 ADA infected human H9 cells to human TZM-bl cells transmitting cells treated for 1 hr followed by washout cells incubated 24 hrs with acceptor cells by luciferase reporter gene based CXCR4 tropic assay,NC[C@@H](NC(=O)c1ccc(-c2ccc(C(F)(F)F)cc2)[nH]1)c1ncc(CO)s1,410.42
CHEMBL4547528,5.0,5.0,5.0,,,CHEMBL612545,,Unchecked,,Inhibition of Lassa virus GPC expressed in recombinant vaccinia virus infected in African green monkey Vero cells assessed as reduction in GPC-mediated cell-cell fusion by beta-galactosidase reporter gene assay,Cc1cccc(CN2C(=O)CN(C(=O)c3cc4ccccc4o3)C[C@@H]2CCc2ccccc2)c1,452.55
CHEMBL4548512,10.3,23.06,18.7,,,CHEMBL612545,,Unchecked,,Inhibition of pseudotype Machupo virus GPC expressed in human HEK293T cells assessed as reduction in GPC-mediated cell-cell fusion incubated for 24 hrs by luciferase reporter gene assay,COc1ccc2[nH]c(C(=O)N3CC(=O)N(Cc4ccccc4)[C@@H](CN4CCn5cccc5C4)C3)cc2c1,497.60
CHEMBL4548603,7000.0,7000.0,7000.0,,,CHEMBL1293311,Q6QLK5,Envelope glycoprotein gp160,Human immunodeficiency virus 1,Inhibition of HIV1 gp41-induced cell-cell fusion between viral protein expressing human HL2/3 cells and TZM-bl target cells preincubated overnight with TZM-bl cells followed by co-incubation with HL2/3 cells for 6 hrs by luciferase reporter gene assay,Cn1ncc2ccc(-c3ccc4ccn(Cc5cc(F)cc(C(=O)O)c5)c4c3)cc21,399.43
CHEMBL4548946,4.0,4.0,4.0,,,CHEMBL612545,,Unchecked,,Inhibition of Lassa virus GPC expressed in recombinant vaccinia virus infected in African green monkey Vero cells assessed as reduction in GPC-mediated cell-cell fusion by beta-galactosidase reporter gene assay,COc1cccc(CN2C(=O)CN(C(=O)c3cc4ccccc4o3)C[C@@H]2CCc2ccccc2)c1,468.55
CHEMBL4550135,1.25,56.2,16.2,,,CHEMBL612545,,Unchecked,,Inhibition of pseudotype Machupo virus GPC expressed in human HEK293T cells assessed as reduction in GPC-mediated cell-cell fusion incubated for 24 hrs by luciferase reporter gene assay,COc1ccc2[nH]c(C(=O)N3CC(=O)N(Cc4ccccc4)[C@@H](CN4CCC5(CC4)CC5)C3)cc2c1,486.62
CHEMBL4550416,5.6,19.71,12.7,,,CHEMBL612545,,Unchecked,,Inhibition of pseudotype Machupo virus GPC expressed in human HEK293T cells assessed as reduction in GPC-mediated cell-cell fusion incubated for 24 hrs by luciferase reporter gene assay,CN(C)c1ccc(C(=O)N2CC(=O)N(Cc3cccc(OC(F)F)c3)[C@@H](Cc3ccccc3)C2)cc1,493.55
CHEMBL4553793,1570.0,1570.0,1570.0,,,CHEMBL612237,,Human adenovirus 5,,Antiviral activity against Human adenovirus 5 infected in human A549 cells assessed as inhibition of viral entry after 48 hrs by GFP reporter gene based assay,O=C(Nc1ccc([N+](=O)[O-])cc1F)c1cc(Cl)ccc1O,310.67
CHEMBL455871,4500.0,4500.0,4500.0,,,CHEMBL612545,,Unchecked,,Inhibition of HIV1 envelope glycoprotein gp160-mediated cell fusion by cell-cell fusion assay,C=CCOC(=O)C1=C(CCCCC[C@@H](C)O[Si](C)(C)C(C)(C)C)NC2=[N+]3[C@H](CC[C@@H]13)C[C@H](C)N2,490.79
CHEMBL4558908,25.0,25.0,25.0,,,CHEMBL612545,,Unchecked,,Inhibition of pseudotype Junin virus GPC expressed in human HEK293T cells assessed as reduction in GPC-mediated cell-cell fusion incubated for 24 hrs by luciferase reporter gene assay,COc1cccc(CN2C(=O)CN(C(=O)c3cc4cc(C)cnc4[nH]3)C[C@@H]2Cc2ccccc2)c1,468.56
CHEMBL4560489,2.6,3.78,3.1,,,CHEMBL612545,,Unchecked,,Inhibition of pseudotype Machupo virus GPC expressed in human HEK293T cells assessed as reduction in GPC-mediated cell-cell fusion incubated for 24 hrs by luciferase reporter gene assay,COc1cccc(CN2C(=O)CN(C(=O)c3cc4cc(C5CC5)ccc4[nH]3)C[C@@H]2Cc2ccccc2)c1,493.61
CHEMBL4563608,0.98,2.16,1.6,,,CHEMBL612545,,Unchecked,,Inhibition of pseudotype Machupo virus GPC expressed in human HEK293T cells assessed as reduction in GPC-mediated cell-cell fusion incubated for 24 hrs by luciferase reporter gene assay,COc1ccccc1CN1C(=O)CN(C(=O)c2cc3cc(C4CC4)ccc3[nH]2)C[C@@H]1Cc1ccccc1,493.61
CHEMBL4564724,1.81,5.07,3.7,,,CHEMBL612545,,Unchecked,,Inhibition of pseudotype Machupo virus GPC expressed in human HEK293T cells assessed as reduction in GPC-mediated cell-cell fusion incubated for 24 hrs by luciferase reporter gene assay,COc1cccc(CN2C(=O)CN(C(=O)c3ccc(N4CCCCC4)cc3)C[C@@H]2Cc2ccccc2)c1,497.64
CHEMBL4567020,3600.0,3600.0,3600.0,,,CHEMBL1293311,Q6QLK5,Envelope glycoprotein gp160,Human immunodeficiency virus 1,Inhibition of HIV1 gp41-induced cell-cell fusion between viral protein expressing human HL2/3 cells and TZM-bl target cells preincubated overnight with TZM-bl cells followed by co-incubation with HL2/3 cells for 6 hrs by luciferase reporter gene assay,Cn1ccc2ccc(-c3ccc4ccn(Cc5cc(F)cc(C(=O)O)c5)c4c3)cc21,398.44
CHEMBL4568970,11.89,20.59,14.8,,,CHEMBL612545,,Unchecked,,Inhibition of pseudotype Machupo virus GPC expressed in human HEK293T cells assessed as reduction in GPC-mediated cell-cell fusion incubated for 24 hrs by luciferase reporter gene assay,COc1cccc(CN2C(=O)CN(C(=O)c3cc4cc(OC)ccc4[nH]3)C[C@@H]2CC2CCCCC2)c1,489.62
CHEMBL4569099,7.0,7.0,7.0,,,CHEMBL612545,,Unchecked,,Inhibition of Lassa virus GPC expressed in recombinant vaccinia virus infected in African green monkey Vero cells assessed as reduction in GPC-mediated cell-cell fusion by beta-galactosidase reporter gene assay,CCOc1ccc(C(=O)N2CC(=O)N(Cc3cccc(O)c3)[C@@H](CCc3ccccc3)C2)cc1,458.56
CHEMBL4571616,3.64,11.32,6.4,,,CHEMBL612545,,Unchecked,,Inhibition of pseudotype Machupo virus GPC expressed in human HEK293T cells assessed as reduction in GPC-mediated cell-cell fusion incubated for 24 hrs by luciferase reporter gene assay,O=C(c1cc2cc(C3CC3)ccc2[nH]1)N1CC(=O)N(Cc2ccccc2)[C@@H](CN2CCC(F)CC2)C1,488.61
CHEMBL4575247,4.46,12.53,7.7,,,CHEMBL612545,,Unchecked,,Inhibition of pseudotype Machupo virus GPC expressed in human HEK293T cells assessed as reduction in GPC-mediated cell-cell fusion incubated for 24 hrs by luciferase reporter gene assay,Cc1ccc2sc(C(=O)N3CC(=O)N(Cc4ccccc4)[C@@H](Cc4ccccc4)C3)cc2c1,454.60
CHEMBL4576732,5.56,11.16,7.7,,,CHEMBL612545,,Unchecked,,Inhibition of pseudotype Machupo virus GPC expressed in human HEK293T cells assessed as reduction in GPC-mediated cell-cell fusion incubated for 24 hrs by luciferase reporter gene assay,COc1ccc2[nH]c(C(=O)N3CC(=O)N(Cc4ccccc4C)[C@@H](Cc4ccccc4)C3)cc2c1,467.57
CHEMBL4579878,3.52,15.82,8.3,,,CHEMBL612545,,Unchecked,,Inhibition of pseudotype Machupo virus GPC expressed in human HEK293T cells assessed as reduction in GPC-mediated cell-cell fusion incubated for 24 hrs by luciferase reporter gene assay,COc1ccc2[nH]c(C(=O)N3CC(=O)N(Cc4c[nH]c5ccccc45)[C@@H](Cc4ccccc4)C3)cc2c1,492.58
CHEMBL4580654,11.34,23.6,18.5,,,CHEMBL612545,,Unchecked,,Inhibition of pseudotype Machupo virus GPC expressed in human HEK293T cells assessed as reduction in GPC-mediated cell-cell fusion incubated for 24 hrs by luciferase reporter gene assay,COc1ccc2[nH]c(C(=O)N3CC(=O)N(Cc4ccccc4)[C@@H](CN4CCC(F)(F)CC4)C3)cc2c1,496.56
CHEMBL4587741,3.51,48.4,15.6,,,CHEMBL612545,,Unchecked,,Inhibition of pseudotype Machupo virus GPC expressed in human HEK293T cells assessed as reduction in GPC-mediated cell-cell fusion incubated for 24 hrs by luciferase reporter gene assay,Cc1ccc2[nH]c(C(=O)N3CC(=O)N(Cc4ccc5cc[nH]c5c4)[C@@H](Cc4ccccc4)C3)cc2c1,476.58
CHEMBL4588376,1.33,1.91,1.6,,,CHEMBL612545,,Unchecked,,Inhibition of pseudotype Machupo virus GPC expressed in human HEK293T cells assessed as reduction in GPC-mediated cell-cell fusion incubated for 24 hrs by luciferase reporter gene assay,CCOc1cccc(CN2C(=O)CN(C(=O)c3cc4cc(OC)ccc4[nH]3)C[C@@H]2Cc2ccccc2)c1,497.60
CHEMBL4589059,13.7,15.4,14.6,,,CHEMBL612545,,Unchecked,,Inhibition of pseudotype Lassa virus GPC expressed in human HEK293T cells assessed as reduction in GPC-mediated cell-cell fusion incubated for 24 hrs by luciferase reporter gene assay,COc1ccc2[nH]c(C(=O)N3CC(=O)N(Cc4ccc5cn[nH]c5c4)[C@@H](Cc4ccccc4)C3)cc2c1,493.57
CHEMBL4592061,2600.0,2600.0,2600.0,,,CHEMBL1293311,Q6QLK5,Envelope glycoprotein gp160,Human immunodeficiency virus 1,Inhibition of HIV1 gp41-induced cell-cell fusion between viral protein expressing human HL2/3 cells and TZM-bl target cells preincubated overnight with TZM-bl cells followed by co-incubation with HL2/3 cells for 6 hrs by luciferase reporter gene assay,Cc1cn(C(=O)OC(C)(C)C)c2cc(-c3ccc4ccn(Cc5cccc(C(=O)O)c5)c4c3)ccc12,480.56
CHEMBL4632407,3.981,3.981,4.0,,,CHEMBL2364165,Q89535,Fusion glycoprotein F0,Human respiratory syncytial virus,Inhibition of GFP-fused RSV 224 fusion protein infected in human HeLa cells assessed as reduction in viral replication after 3 days by laser microscopic analysis,CS(=O)(=O)CCCn1c(Cn2c(=O)n(C3CC3)c3ccncc32)nc2nc(Cl)ccc21,460.95
CHEMBL4632434,1258.93,1258.93,1258.9,,,CHEMBL2364165,Q89535,Fusion glycoprotein F0,Human respiratory syncytial virus,Inhibition of GFP-fused RSV 224 fusion protein infected in human HeLa cells assessed as reduction in viral replication after 3 days by laser microscopic analysis,CC(C)CCn1c(Cn2c(=O)n(C3CC3)c3ccncc32)nc2cccnc21,376.46
CHEMBL4632659,1.4,1.4,1.4,,,CHEMBL2364165,Q89535,Fusion glycoprotein F0,Human respiratory syncytial virus,Inhibition of Human respiratory syncytial virus A2 Fusion protein expressed in Hep2 cells assessed as reduction in virus-induced cytopathic effect after 4 days by XTT assay,CC[C@H]1c2cc3nc(N4CC[C@H](N)C4)c(C)c(n3n2)NCCCCOc2ccc(C)cc2C(=O)N1C,491.64
CHEMBL4632708,100.0,100.0,100.0,,,CHEMBL2364165,Q89535,Fusion glycoprotein F0,Human respiratory syncytial virus,Inhibition of GFP-fused RSV 224 fusion protein infected in human HeLa cells assessed as reduction in viral replication after 3 days by laser microscopic analysis,CC(C)CCn1c(Cn2c(=O)n(C3CC3)c3ccncc32)nc2ccncc21,376.46
CHEMBL4632978,0.631,0.631,0.6,,,CHEMBL2364165,Q89535,Fusion glycoprotein F0,Human respiratory syncytial virus,Inhibition of GFP-fused RSV 224 fusion protein infected in human HeLa cells assessed as reduction in viral replication after 3 days by laser microscopic analysis,COc1ccc(-n2c(=O)n(Cc3cc4cc(Cl)ccc4n3CCCC#N)c3cnccc32)c(F)c1,489.94
CHEMBL4633144,0.1995,0.1995,0.2,,,CHEMBL2364165,Q89535,Fusion glycoprotein F0,Human respiratory syncytial virus,Inhibition of GFP-fused RSV 224 fusion protein infected in human HeLa cells assessed as reduction in viral replication after 3 days by laser microscopic analysis,N#CCCCn1c(Cn2c(=O)n(C3CC3)c3ccncc32)cc2cc(Cl)ccc21,405.89
CHEMBL4633557,1.0,1.0,1.0,,,CHEMBL2364165,Q89535,Fusion glycoprotein F0,Human respiratory syncytial virus,Inhibition of GFP-fused RSV 224 fusion protein infected in human HeLa cells assessed as reduction in viral replication after 3 days by laser microscopic analysis,CC(C)CCn1c(Cn2c(=O)n(C3CC3)c3ccncc32)nc2nc(Cl)ccc21,410.91
CHEMBL4634123,0.3981,0.3981,0.4,,,CHEMBL2364165,Q89535,Fusion glycoprotein F0,Human respiratory syncytial virus,Inhibition of GFP-fused RSV 224 fusion protein infected in human HeLa cells assessed as reduction in viral replication after 3 days by laser microscopic analysis,CS(=O)(=O)CCCn1c(Cn2c(=O)n(CC3CC3)c3ccncc32)cc2cc(Cl)ccc21,473.00
CHEMBL4634198,1.585,1.585,1.6,,,CHEMBL2364165,Q89535,Fusion glycoprotein F0,Human respiratory syncytial virus,Inhibition of GFP-fused RSV 224 fusion protein infected in human HeLa cells assessed as reduction in viral replication after 3 days by laser microscopic analysis,Cn1ccc(-n2c(=O)n(Cc3cc4cc(Cl)ccc4n3CCCC#N)c3cnccc32)n1,445.91
CHEMBL4634733,7.943,7.943,7.9,,,CHEMBL2364165,Q89535,Fusion glycoprotein F0,Human respiratory syncytial virus,Inhibition of GFP-fused RSV 224 fusion protein infected in human HeLa cells assessed as reduction in viral replication after 3 days by laser microscopic analysis,CS(=O)(=O)CCCn1c(Cn2c(=O)[nH]c3ccncc32)cc2cc(Cl)ccc21,418.91
CHEMBL4634973,2.512,2.512,2.5,,,CHEMBL2364165,Q89535,Fusion glycoprotein F0,Human respiratory syncytial virus,Inhibition of GFP-fused RSV 224 fusion protein infected in human HeLa cells assessed as reduction in viral replication after 3 days by laser microscopic analysis,N=C(CCCn1c(Cn2c(=O)n(C3CC3)c3ccncc32)cc2cc(Cl)ccc21)NO,438.92
CHEMBL4635306,0.2512,0.2512,0.3,,,CHEMBL2364165,Q89535,Fusion glycoprotein F0,Human respiratory syncytial virus,Inhibition of GFP-fused RSV 224 fusion protein infected in human HeLa cells assessed as reduction in viral replication after 3 days by laser microscopic analysis,COc1ccc(-n2c(=O)n(Cc3cc4cc(Cl)ccc4n3CCCC#N)c3cnccc32)cc1C,485.98
CHEMBL4636246,0.5012,0.5012,0.5,,,CHEMBL2364165,Q89535,Fusion glycoprotein F0,Human respiratory syncytial virus,Inhibition of GFP-fused RSV 224 fusion protein infected in human HeLa cells assessed as reduction in viral replication after 3 days by laser microscopic analysis,CC1(n2c(=O)n(Cc3cc4cc(Cl)ccc4n3CCCS(C)(=O)=O)c3cnccc32)CC1,473.00
CHEMBL4636317,6.31,6.31,6.3,,,CHEMBL2364165,Q89535,Fusion glycoprotein F0,Human respiratory syncytial virus,Inhibition of GFP-fused RSV 224 fusion protein infected in human HeLa cells assessed as reduction in viral replication after 3 days by laser microscopic analysis,O=c1n(Cc2cc3cc(Cl)ccc3n2CCCN2CCOCC2)c2cnccc2n1C1CC1,465.99
CHEMBL4636411,50.12,50.12,50.1,,,CHEMBL2364165,Q89535,Fusion glycoprotein F0,Human respiratory syncytial virus,Inhibition of GFP-fused RSV 224 fusion protein infected in human HeLa cells assessed as reduction in viral replication after 3 days by laser microscopic analysis,NC(=O)CCCn1c(Cn2c(=O)n(C3CC3)c3ccncc32)cc2cc(Cl)ccc21,423.90
CHEMBL4636898,125.89,125.89,125.9,,,CHEMBL2364165,Q89535,Fusion glycoprotein F0,Human respiratory syncytial virus,Inhibition of GFP-fused RSV 224 fusion protein infected in human HeLa cells assessed as reduction in viral replication after 3 days by laser microscopic analysis,O=c1n(Cc2cc3ccncc3n2CCCCO)c2cnccc2n1C1CC1,377.45
CHEMBL4637235,31.62,31.62,31.6,,,CHEMBL2364165,Q89535,Fusion glycoprotein F0,Human respiratory syncytial virus,Inhibition of GFP-fused RSV 224 fusion protein infected in human HeLa cells assessed as reduction in viral replication after 3 days by laser microscopic analysis,CC(C)CCn1c(Cn2c(=O)n(C3CC3)c3ccncc32)nc2cnccc21,376.46
CHEMBL4637529,6.31,6.31,6.3,,,CHEMBL2364165,Q89535,Fusion glycoprotein F0,Human respiratory syncytial virus,Inhibition of GFP-fused RSV 224 fusion protein infected in human HeLa cells assessed as reduction in viral replication after 3 days by laser microscopic analysis,N#CCCCn1c(Cn2c(=O)n(-c3ncccn3)c3ccncc32)cc2cc(Cl)ccc21,443.90
CHEMBL4637949,1.995,1.995,2.0,,,CHEMBL2364165,Q89535,Fusion glycoprotein F0,Human respiratory syncytial virus,Inhibition of GFP-fused RSV 224 fusion protein infected in human HeLa cells assessed as reduction in viral replication after 3 days by laser microscopic analysis,CS(=O)(=O)CCCn1c(Cn2c(=O)n(CC#N)c3ccncc32)cc2cc(Cl)ccc21,457.94
CHEMBL4638156,61.0,61.0,61.0,,,CHEMBL2364165,Q89535,Fusion glycoprotein F0,Human respiratory syncytial virus,Inhibition of Human respiratory syncytial virus A2 Fusion protein expressed in Hep2 cells assessed as reduction in virus-induced cytopathic effect after 4 days by XTT assay,CC[C@H]1c2cc3nc(N4CC[C@H](N)C4)cc(n3n2)NCCCCOc2ccc(C)cc2C(=O)N1C,477.61
CHEMBL4638215,3.981,3.981,4.0,,,CHEMBL2364165,Q89535,Fusion glycoprotein F0,Human respiratory syncytial virus,Inhibition of GFP-fused RSV 224 fusion protein infected in human HeLa cells assessed as reduction in viral replication after 3 days by laser microscopic analysis,CS(=O)(=O)CCCn1c(Cn2c(=O)n(C3CC3)c3ccncc32)cc2cc(F)ccc21,442.52
CHEMBL4639621,7.943,7.943,7.9,,,CHEMBL2364165,Q89535,Fusion glycoprotein F0,Human respiratory syncytial virus,Inhibition of GFP-fused RSV 224 fusion protein infected in human HeLa cells assessed as reduction in viral replication after 3 days by laser microscopic analysis,CS(=O)(=O)CCCn1c(Cn2c(=O)n(C3CC3)c3ccncc32)cc2cc(C(F)(F)F)ccc21,492.52
CHEMBL4639630,3.8,3.8,3.8,,,CHEMBL2364165,Q89535,Fusion glycoprotein F0,Human respiratory syncytial virus,Inhibition of Human respiratory syncytial virus A2 Fusion protein expressed in Hep2 cells assessed as reduction in virus-induced cytopathic effect after 4 days by XTT assay,CC[C@@H](c1cc2nc(N3CC[C@H](N)C3)c(C)cn2n1)N(C)C(=O)c1cc(C)ccc1OC,436.56
CHEMBL4639647,0.1995,0.1995,0.2,,,CHEMBL2364165,Q89535,Fusion glycoprotein F0,Human respiratory syncytial virus,Inhibition of GFP-fused RSV 224 fusion protein infected in human HeLa cells assessed as reduction in viral replication after 3 days by laser microscopic analysis,CS(=O)(=O)CCCn1c(Cn2c(=O)n(C3CC3)c3ccncc32)cc2cc(Cl)ccc21,458.97
CHEMBL4639685,0.3162,0.3162,0.3,,,CHEMBL2364165,Q89535,Fusion glycoprotein F0,Human respiratory syncytial virus,Inhibition of GFP-fused RSV 224 fusion protein infected in human HeLa cells assessed as reduction in viral replication after 3 days by laser microscopic analysis,COc1ccc(-n2c(=O)n(Cc3cc4cc(Cl)ccc4n3CCCC#N)c3cnccc32)cc1,471.95
CHEMBL4639912,1.0,1.0,1.0,,,CHEMBL2364165,Q89535,Fusion glycoprotein F0,Human respiratory syncytial virus,Inhibition of GFP-fused RSV 224 fusion protein infected in human HeLa cells assessed as reduction in viral replication after 3 days by laser microscopic analysis,CS(=O)(=O)CCCn1c(Cn2c(=O)n(C3CC3)c3ccncc32)cc2cnccc21,425.51
CHEMBL4640078,0.7943,0.7943,0.8,,,CHEMBL2364165,Q89535,Fusion glycoprotein F0,Human respiratory syncytial virus,Inhibition of GFP-fused RSV 224 fusion protein infected in human HeLa cells assessed as reduction in viral replication after 3 days by laser microscopic analysis,O=c1n(Cc2cc3cc(Cl)ccc3n2CCCCF)c2cnccc2n1C1CC1,412.90
CHEMBL4640277,158.49,158.49,158.5,,,CHEMBL2364165,Q89535,Fusion glycoprotein F0,Human respiratory syncytial virus,Inhibition of GFP-fused RSV 224 fusion protein infected in human HeLa cells assessed as reduction in viral replication after 3 days by laser microscopic analysis,O=c1n(Cc2cc3ncccc3n2CCCCO)c2cnccc2n1C1CC1,377.45
CHEMBL4640814,1.585,1.585,1.6,,,CHEMBL2364165,Q89535,Fusion glycoprotein F0,Human respiratory syncytial virus,Inhibition of GFP-fused RSV 224 fusion protein infected in human HeLa cells assessed as reduction in viral replication after 3 days by laser microscopic analysis,O=c1n(Cc2cc3cnccc3n2CCCCO)c2cnccc2n1C1CC1,377.45
CHEMBL4640841,199.53,199.53,199.5,,,CHEMBL2364165,Q89535,Fusion glycoprotein F0,Human respiratory syncytial virus,Inhibition of GFP-fused RSV 224 fusion protein infected in human HeLa cells assessed as reduction in viral replication after 3 days by laser microscopic analysis,O=C(O)CCCn1c(Cn2c(=O)n(C3CC3)c3ccncc32)cc2cc(Cl)ccc21,424.89
CHEMBL4641189,1.0,1.0,1.0,,,CHEMBL2364165,Q89535,Fusion glycoprotein F0,Human respiratory syncytial virus,Inhibition of GFP-fused RSV 224 fusion protein infected in human HeLa cells assessed as reduction in viral replication after 3 days by laser microscopic analysis,O=c1n(Cc2nc3nc(Cl)ccc3n2CCCC(F)(F)F)c2cnccc2n1C1CC1,450.85
CHEMBL4641423,10.0,10.0,10.0,,,CHEMBL2364165,Q89535,Fusion glycoprotein F0,Human respiratory syncytial virus,Inhibition of GFP-fused RSV 224 fusion protein infected in human HeLa cells assessed as reduction in viral replication after 3 days by laser microscopic analysis,N#CCCCn1c(Cn2c(=O)n(C3CC3)c3ccncc32)nc2nc(Cl)ccc21,407.87
CHEMBL4642009,0.2512,0.2512,0.3,,,CHEMBL2364165,Q89535,Fusion glycoprotein F0,Human respiratory syncytial virus,Inhibition of GFP-fused RSV 224 fusion protein infected in human HeLa cells assessed as reduction in viral replication after 3 days by laser microscopic analysis,O=c1n(Cc2cc3cc(Cl)ccc3n2CCCC(F)(F)F)c2cnccc2n1C1CC1,448.88
CHEMBL4642110,1.259,1.259,1.3,,,CHEMBL2364165,Q89535,Fusion glycoprotein F0,Human respiratory syncytial virus,Inhibition of GFP-fused RSV 224 fusion protein infected in human HeLa cells assessed as reduction in viral replication after 3 days by laser microscopic analysis,O=c1n(Cc2cc3cc(Br)ccc3n2CCCCO)c2cnccc2n1C1CC1,455.36
CHEMBL4642385,5.012,5.012,5.0,,,CHEMBL2364165,Q89535,Fusion glycoprotein F0,Human respiratory syncytial virus,Inhibition of GFP-fused RSV 224 fusion protein infected in human HeLa cells assessed as reduction in viral replication after 3 days by laser microscopic analysis,O=c1n(Cc2nc3nc(Cl)ccc3n2CCCCO)c2cnccc2n1C1CC1,412.88
CHEMBL4642446,15.85,15.85,15.9,,,CHEMBL2364165,Q89535,Fusion glycoprotein F0,Human respiratory syncytial virus,Inhibition of GFP-fused RSV 224 fusion protein infected in human HeLa cells assessed as reduction in viral replication after 3 days by laser microscopic analysis,O=c1n(Cc2cc3cc(F)ccc3n2CCCCO)c2cnccc2n1C1CC1,394.45
CHEMBL4642661,1.995,1.995,2.0,,,CHEMBL2364165,Q89535,Fusion glycoprotein F0,Human respiratory syncytial virus,Inhibition of GFP-fused RSV 224 fusion protein infected in human HeLa cells assessed as reduction in viral replication after 3 days by laser microscopic analysis,O=c1n(Cc2nc3nc(Cl)ccc3n2CCCCF)c2cnccc2n1C1CC1,414.87
CHEMBL4643019,10.0,10.0,10.0,,,CHEMBL2364165,Q89535,Fusion glycoprotein F0,Human respiratory syncytial virus,Inhibition of GFP-fused RSV 224 fusion protein infected in human HeLa cells assessed as reduction in viral replication after 3 days by laser microscopic analysis,CS(=O)(=O)CCCn1c(Cn2c(=O)n(C3CC3)c3ccncc32)cc2ccccc21,424.53
CHEMBL4643207,7.943,7.943,7.9,,,CHEMBL2364165,Q89535,Fusion glycoprotein F0,Human respiratory syncytial virus,Inhibition of GFP-fused RSV 224 fusion protein infected in human HeLa cells assessed as reduction in viral replication after 3 days by laser microscopic analysis,CC(C)CCn1c(Cn2c(=O)n(C3CC3)c3ccncc32)nc2ncccc21,376.46
CHEMBL4643568,1.259,1.259,1.3,,,CHEMBL2364165,Q89535,Fusion glycoprotein F0,Human respiratory syncytial virus,Inhibition of GFP-fused RSV 224 fusion protein infected in human HeLa cells assessed as reduction in viral replication after 3 days by laser microscopic analysis,Cc1ccc(-n2c(=O)n(Cc3cc4cc(Cl)ccc4n3CCCC#N)c3cnccc32)cc1,455.95
CHEMBL4643637,1.585,1.585,1.6,,,CHEMBL2364165,Q89535,Fusion glycoprotein F0,Human respiratory syncytial virus,Inhibition of GFP-fused RSV 224 fusion protein infected in human HeLa cells assessed as reduction in viral replication after 3 days by laser microscopic analysis,N#CCCCn1c(Cn2c(=O)n(-c3ncco3)c3ccncc32)cc2cc(Cl)ccc21,432.87
CHEMBL4644121,0.2512,0.2512,0.3,,,CHEMBL2364165,Q89535,Fusion glycoprotein F0,Human respiratory syncytial virus,Inhibition of GFP-fused RSV 224 fusion protein infected in human HeLa cells assessed as reduction in viral replication after 3 days by laser microscopic analysis,CC(C)CCn1c(Cn2c(=O)n(C3CC3)c3ccncc32)cc2cnccc21,375.48
CHEMBL4644338,0.2512,0.2512,0.3,,,CHEMBL2364165,Q89535,Fusion glycoprotein F0,Human respiratory syncytial virus,Inhibition of GFP-fused RSV 224 fusion protein infected in human HeLa cells assessed as reduction in viral replication after 3 days by laser microscopic analysis,O=c1n(Cc2cc3cnccc3n2CCCC(F)(F)F)c2cnccc2n1C1CC1,415.42
CHEMBL4644767,0.3162,0.3162,0.3,,,CHEMBL2364165,Q89535,Fusion glycoprotein F0,Human respiratory syncytial virus,Inhibition of GFP-fused RSV 224 fusion protein infected in human HeLa cells assessed as reduction in viral replication after 3 days by laser microscopic analysis,N#CCCCn1c(Cn2c(=O)n(-c3ccncc3F)c3ccncc32)cc2cc(Cl)ccc21,460.90
CHEMBL4644823,50.12,50.12,50.1,,,CHEMBL2364165,Q89535,Fusion glycoprotein F0,Human respiratory syncytial virus,Inhibition of GFP-fused RSV 224 fusion protein infected in human HeLa cells assessed as reduction in viral replication after 3 days by laser microscopic analysis,O=c1n(Cc2nc3cnccc3n2CCCCO)c2cnccc2n1C1CC1,378.44
CHEMBL4644851,398.11,398.11,398.1,,,CHEMBL2364165,Q89535,Fusion glycoprotein F0,Human respiratory syncytial virus,Inhibition of GFP-fused RSV 224 fusion protein infected in human HeLa cells assessed as reduction in viral replication after 3 days by laser microscopic analysis,CC(C)CCn1c(Cn2c(=O)n(C3CC3)c3ccncc32)cc2ccccc21,374.49
CHEMBL4645238,10.0,10.0,10.0,,,CHEMBL2364165,Q89535,Fusion glycoprotein F0,Human respiratory syncytial virus,Inhibition of GFP-fused RSV 224 fusion protein infected in human HeLa cells assessed as reduction in viral replication after 3 days by laser microscopic analysis,N#CCCCn1c(Cn2c(=O)n(-c3ccncn3)c3ccncc32)cc2cc(Cl)ccc21,443.90
CHEMBL464557,1400.0,1400.0,1400.0,,,CHEMBL379,,Hepatitis C virus,,Antiviral activity against pseudo HCV infected in human 293T cells assessed as inhibition of HCV pseudo particles entry after 72 hrs by luciferase reporter gene assay,CC1(C)CC[C@]2(C(=O)O)[C@H](O)C[C@]3(C)C(=CC[C@@H]4[C@@]5(C)CC[C@H](O)C(C)(C)[C@@H]5CC[C@]43C)[C@H]2C1,472.71
CHEMBL4645785,2.512,2.512,2.5,,,CHEMBL2364165,Q89535,Fusion glycoprotein F0,Human respiratory syncytial virus,Inhibition of GFP-fused RSV 224 fusion protein infected in human HeLa cells assessed as reduction in viral replication after 3 days by laser microscopic analysis,CS(=O)(=O)CCCn1c(Cn2c(=O)n(C3COC3)c3ccncc32)cc2cc(Cl)ccc21,474.97
CHEMBL4646086,10.0,10.0,10.0,,,CHEMBL2364165,Q89535,Fusion glycoprotein F0,Human respiratory syncytial virus,Inhibition of GFP-fused RSV 224 fusion protein infected in human HeLa cells assessed as reduction in viral replication after 3 days by laser microscopic analysis,O=c1n(Cc2nc3ncccc3n2CCCCO)c2cnccc2n1C1CC1,378.44
CHEMBL4646152,31.62,31.62,31.6,,,CHEMBL2364165,Q89535,Fusion glycoprotein F0,Human respiratory syncytial virus,Inhibition of GFP-fused RSV 224 fusion protein infected in human HeLa cells assessed as reduction in viral replication after 3 days by laser microscopic analysis,CS(=O)(=O)CCCn1c(Cn2c(=O)n(C3CNC3)c3ccncc32)cc2cc(Cl)ccc21,473.99
CHEMBL4646240,17.0,17.0,17.0,,,CHEMBL2364165,Q89535,Fusion glycoprotein F0,Human respiratory syncytial virus,Inhibition of Human respiratory syncytial virus A2 Fusion protein expressed in Hep2 cells assessed as reduction in virus-induced cytopathic effect after 4 days by XTT assay,CC[C@H]1c2cc3nc(N4CC[C@H](N)C4)cc(n3n2)N(C)CCCOc2ccc(C)cc2C(=O)N1C,477.61
CHEMBL4646241,0.5012,0.5012,0.5,,,CHEMBL2364165,Q89535,Fusion glycoprotein F0,Human respiratory syncytial virus,Inhibition of GFP-fused RSV 224 fusion protein infected in human HeLa cells assessed as reduction in viral replication after 3 days by laser microscopic analysis,N#CCCCn1c(Cn2c(=O)n(-c3ccc(C(=O)O)cc3)c3ccncc32)cc2cc(Cl)ccc21,485.93
CHEMBL4646427,125.89,125.89,125.9,,,CHEMBL2364165,Q89535,Fusion glycoprotein F0,Human respiratory syncytial virus,Inhibition of GFP-fused RSV 224 fusion protein infected in human HeLa cells assessed as reduction in viral replication after 3 days by laser microscopic analysis,O=c1n(Cc2cc3ccc(Cl)cc3n2CCCCO)c2cnccc2n1C1CC1,410.91
CHEMBL4646649,1.0,1.0,1.0,,,CHEMBL2364165,Q89535,Fusion glycoprotein F0,Human respiratory syncytial virus,Inhibition of GFP-fused RSV 224 fusion protein infected in human HeLa cells assessed as reduction in viral replication after 3 days by laser microscopic analysis,COc1ccc(-n2c(=O)n(Cc3cc4cc(Cl)ccc4n3CCCC#N)c3cnccc32)c(C)c1,485.98
CHEMBL4647299,1.585,1.585,1.6,,,CHEMBL2364165,Q89535,Fusion glycoprotein F0,Human respiratory syncytial virus,Inhibition of GFP-fused RSV 224 fusion protein infected in human HeLa cells assessed as reduction in viral replication after 3 days by laser microscopic analysis,CC(C)(O)CCCn1c(Cn2c(=O)n(C3CC3)c3ccncc32)nc2nc(Cl)ccc21,440.94
CHEMBL4647328,0.66,0.66,0.7,,,CHEMBL2364165,Q89535,Fusion glycoprotein F0,Human respiratory syncytial virus,Inhibition of Human respiratory syncytial virus A2 Fusion protein expressed in Hep2 cells assessed as reduction in virus-induced cytopathic effect after 4 days by XTT assay,CC[C@H]1c2cc3nc(N4CC[C@H](N)C4)cc(n3n2)N(C)CCCCOc2ccc(C)cc2C(=O)N1C,491.64
CHEMBL4648235,2.512,2.512,2.5,,,CHEMBL2364165,Q89535,Fusion glycoprotein F0,Human respiratory syncytial virus,Inhibition of GFP-fused RSV 224 fusion protein infected in human HeLa cells assessed as reduction in viral replication after 3 days by laser microscopic analysis,CC(C)(C)n1c(=O)n(Cc2cc3cc(Cl)ccc3n2CCCS(C)(=O)=O)c2cnccc21,475.01
CHEMBL4648305,39.81,39.81,39.8,,,CHEMBL2364165,Q89535,Fusion glycoprotein F0,Human respiratory syncytial virus,Inhibition of GFP-fused RSV 224 fusion protein infected in human HeLa cells assessed as reduction in viral replication after 3 days by laser microscopic analysis,COc1ccc2c(c1)cc(Cn1c(=O)n(C3CC3)c3ccncc31)n2CCCCO,406.49
CHEMBL4648595,2.512,2.512,2.5,,,CHEMBL2364165,Q89535,Fusion glycoprotein F0,Human respiratory syncytial virus,Inhibition of GFP-fused RSV 224 fusion protein infected in human HeLa cells assessed as reduction in viral replication after 3 days by laser microscopic analysis,N#CCCCn1c(Cn2c(=O)n(-c3ccncc3)c3ccncc32)cc2cc(Cl)ccc21,442.91
CHEMBL4648807,0.5012,0.5012,0.5,,,CHEMBL2364165,Q89535,Fusion glycoprotein F0,Human respiratory syncytial virus,Inhibition of GFP-fused RSV 224 fusion protein infected in human HeLa cells assessed as reduction in viral replication after 3 days by laser microscopic analysis,O=c1n(Cc2cc3cnccc3n2CCCCF)c2cnccc2n1C1CC1,379.44
CHEMBL4649477,1.585,1.585,1.6,,,CHEMBL2364165,Q89535,Fusion glycoprotein F0,Human respiratory syncytial virus,Inhibition of GFP-fused RSV 224 fusion protein infected in human HeLa cells assessed as reduction in viral replication after 3 days by laser microscopic analysis,CC(C)(O)CCCn1c(Cn2c(=O)n(C3CC3)c3ccncc32)cc2cc(Cl)ccc21,438.96
CHEMBL4649847,1.585,1.585,1.6,,,CHEMBL2364165,Q89535,Fusion glycoprotein F0,Human respiratory syncytial virus,Inhibition of GFP-fused RSV 224 fusion protein infected in human HeLa cells assessed as reduction in viral replication after 3 days by laser microscopic analysis,CC(C)n1c(=O)n(Cc2cc3cc(Cl)ccc3n2CCCS(C)(=O)=O)c2cnccc21,460.99
CHEMBL4744229,3130.0,3130.0,3130.0,,,CHEMBL612237,,Human adenovirus 5,,Antiviral activity against wild-type Human adenovirus 5 infected in human A549 cells assessed as inhibition of virus entry incubated for 48 hrs by fluorescence assay,CC(C)(C)OC(=O)N1CCC(CNc2ccc(NC(=O)c3cc(Cl)ccc3O)c(Cl)c2)CC1,494.42
CHEMBL4752948,17.0,17.0,17.0,,,CHEMBL3856166,P03420,Fusion glycoprotein F0,Human respiratory syncytial virus A (strain A2),Inhibition of F protein in Respiratory syncytial virus A2 infected in HepG2 cells assessed as reduction in virus-induced cytopathic effect incubated for 4 days by XTT assay,CN1CCCCOc2ccc(F)cc2C(=O)N2CCCC[C@H]2c2cc3nc(N4CCC4)cc1n3n2,478.57
CHEMBL4753413,1.4,1.4,1.4,,,CHEMBL3856166,P03420,Fusion glycoprotein F0,Human respiratory syncytial virus A (strain A2),Inhibition of F protein in Respiratory syncytial virus A2 infected in HepG2 cells assessed as reduction in virus-induced cytopathic effect incubated for 4 days by XTT assay,CN1CCNCCOc2ccc(F)cc2C(=O)N2CCCC[C@H]2c2cc3nc(N4CCC4)cc1n3n2,493.59
CHEMBL4756466,17.0,17.0,17.0,,,CHEMBL3856166,P03420,Fusion glycoprotein F0,Human respiratory syncytial virus A (strain A2),Inhibition of F protein in Respiratory syncytial virus A2 infected in HepG2 cells assessed as reduction in virus-induced cytopathic effect incubated for 4 days by XTT assay,CN1CCOCCOc2ccc(F)cc2C(=O)N2CCCC[C@H]2c2cc3nc(N4CCC4)cc1n3n2,494.57
CHEMBL4758519,800.0,6100.0,2833.3,,,CHEMBL378,,Human immunodeficiency virus 1,,Antiviral activity against HIV1 YU-2 infected in dog Cf2Th/CD4-CCR5 cells assessed as inhibition of viral entry incubated for 30 mins prior to infection and measured after 48 hrs post infection by luciferase reporter gene assay,CN(Cc1ccc2c(c1)C[C@H](CNC(=N)N)[C@H]2NC(=O)C(=O)Nc1ccc(Cl)c(F)c1)C(=N)N.O=C(O)C(F)(F)F.O=C(O)C(F)(F)F,488.96
CHEMBL4802887,1600.0,1600.0,1600.0,,,CHEMBL378,,Human immunodeficiency virus 1,,Antiviral activity against HIV-1 YU-2 assessed as inhibition of viral entry,CNCc1ccc2c(c1)[C@H](NC(=O)C(=O)Nc1ccc(Cl)c(F)c1)[C@@H](CNC(=N)N)C2,446.91
CHEMBL4803130,1300.0,1300.0,1300.0,,,CHEMBL378,,Human immunodeficiency virus 1,,Antiviral activity against HIV-1 YU-2 assessed as inhibition of viral entry,CN(Cc1ccc2c(c1)[C@H](NC(=O)C(=O)Nc1ccc(Cl)c(F)c1)[C@@H](CNC(=N)N)C2)C(=N)N,488.96
CHEMBL4847062,71.0,71.0,71.0,,,CHEMBL3856166,P03420,Fusion glycoprotein F0,Human respiratory syncytial virus A (strain A2),Inhibition of Respiratory syncytial virus A2 fusion protein expressed in HEK293T cells harboring GAL4-NF-kappaB assessed as reduction in cell-cell fusion by luciferase assay,NC(=O)c1ccc2c(c1)nc(CN1C(=O)C3(CC3)c3ccc(F)cc31)n2CCCC(F)(F)F,460.43
CHEMBL4853602,1.5,1.5,1.5,,,CHEMBL3856166,P03420,Fusion glycoprotein F0,Human respiratory syncytial virus A (strain A2),Inhibition of Respiratory syncytial virus A2 fusion protein expressed in HEK293T cells harboring GAL4-NF-kappaB assessed as reduction in cell-cell fusion by luciferase assay,NCc1ccc2c(c1)nc(CN1C(=O)C3(CC3)c3ccc(F)cc31)n2CCCCO,408.48
CHEMBL4855358,3.0,3.0,3.0,,,CHEMBL3856166,P03420,Fusion glycoprotein F0,Human respiratory syncytial virus A (strain A2),Inhibition of Respiratory syncytial virus A2 fusion protein expressed in HEK293T cells harboring GAL4-NF-kappaB assessed as reduction in cell-cell fusion by luciferase assay,N=C(N)c1ccc2c(c1)nc(CN1C(=O)C3(CC3)c3ccc(F)cc31)n2CCCC(F)(F)F,459.45
CHEMBL4855389,3300.0,3300.0,3300.0,,,CHEMBL1293311,Q6QLK5,Envelope glycoprotein gp160,Human immunodeficiency virus 1,Inhibition of gp120 in HIV-1 subtype B #11578 harboring pseudotyped Env pWEAUd15.410.5017 infected in human TZM-bl cells assessed as reduction in viral infection pretreated for 30 mins before viral infection and measured after 3 days by luciferase based single cycle infection assay,NC[C@@H](NC(=O)c1ccc(-c2ccc(Cl)cc2)[nH]1)c1nccs1,346.84
CHEMBL4855578,7630.0,7630.0,7630.0,,,CHEMBL4879402,,Infectious hematopoietic necrosis virus,,Antiviral activity against Infectious hematopoietic necrosis virus infected in Fathead minnow EPC cells assessed as inhibition of G protein expression measured after 72 hrs by RT-qPCR method,Cc1cc(=O)oc2cc(OCCCCCCn3ccnc3)ccc12,326.40
CHEMBL4857342,3800.0,3800.0,3800.0,,,CHEMBL1293311,Q6QLK5,Envelope glycoprotein gp160,Human immunodeficiency virus 1,Inhibition of gp120 in HIV-1 subtype B #11578 harboring pseudotyped Env pWEAUd15.410.5017 infected in human TZM-bl cells assessed as reduction in viral infection pretreated for 30 mins before viral infection and measured after 3 days by luciferase based single cycle infection assay,Cl.NCCNC(=O)c1ccc(-c2ccc(Cl)c(F)c2)[nH]1,281.72
CHEMBL4858040,0.9,0.9,0.9,,,CHEMBL3856166,P03420,Fusion glycoprotein F0,Human respiratory syncytial virus A (strain A2),Inhibition of Respiratory syncytial virus fusion protein,CC(C)CCn1c(CN2C(=O)C3(CC3)c3ccncc32)nc2cc(CN)ccc21,389.50
CHEMBL4858949,1.1,1.1,1.1,,,CHEMBL3856166,P03420,Fusion glycoprotein F0,Human respiratory syncytial virus A (strain A2),Inhibition of Respiratory syncytial virus fusion protein,CC(=O)N1CC2(C1)C(=O)N(Cc1nc3cc(CN)ccc3n1CCC(C)C)c1ccccc12,445.57
CHEMBL4859694,37.2,37.2,37.2,,,CHEMBL3856166,P03420,Fusion glycoprotein F0,Human respiratory syncytial virus A (strain A2),Inhibition of Respiratory syncytial virus A2 fusion protein expressed in HEK293T cells harboring GAL4-NF-kappaB assessed as reduction in cell-cell fusion by luciferase assay,O=C1N(Cc2nc3ccccc3n2CCCC(F)(F)F)c2cc(F)ccc2C12CC2,417.41
CHEMBL4859986,7940.0,7940.0,7940.0,,,CHEMBL613739,,Vesicular stomatitis virus,,Antiviral activity against VSV-G enveloped pseudovirus assessed as inhibition of viral entry by pseudotyped particle entry assay,CC(Nc1nc(N2CCNCC2)nc2cc(Br)ccc12)c1ccccc1,412.33
CHEMBL4860271,1.3,1.3,1.3,,,CHEMBL3856166,P03420,Fusion glycoprotein F0,Human respiratory syncytial virus A (strain A2),Inhibition of Respiratory syncytial virus A2 fusion protein expressed in HEK293T cells harboring GAL4-NF-kappaB assessed as reduction in cell-cell fusion by luciferase assay,CC(C)CCn1c(CN2C(=O)C3(CC3)c3cccc(F)c32)nc2cc(CN)ccc21,406.51
CHEMBL4862291,11.1,11.1,11.1,,,CHEMBL3856166,P03420,Fusion glycoprotein F0,Human respiratory syncytial virus A (strain A2),Inhibition of Respiratory syncytial virus A2 fusion protein expressed in HEK293T cells harboring GAL4-NF-kappaB assessed as reduction in cell-cell fusion by luciferase assay,CC(C)CCn1c(CN2C(=O)C3(CC3)c3c(Cl)cccc32)nc2cc(CN)ccc21,422.96
CHEMBL4862383,6600.0,6600.0,6600.0,,,CHEMBL1293311,Q6QLK5,Envelope glycoprotein gp160,Human immunodeficiency virus 1,Inhibition of gp120 in HIV-1 subtype B #11578 harboring pseudotyped Env pWEAUd15.410.5017 infected in human TZM-bl cells assessed as reduction in viral infection pretreated for 30 mins before viral infection and measured after 3 days by luciferase based single cycle infection assay,O=C(NC1CCNCC1)c1ccc(-c2ccc(Cl)c(F)c2)[nH]1,321.78
CHEMBL4863172,2.6,2.6,2.6,,,CHEMBL3856166,P03420,Fusion glycoprotein F0,Human respiratory syncytial virus A (strain A2),Inhibition of Respiratory syncytial virus A2 fusion protein expressed in HEK293T cells harboring GAL4-NF-kappaB assessed as reduction in cell-cell fusion by luciferase assay,CS(=O)(=O)CCCn1c(CN2C(=O)C3(CC3)c3ccc(F)cc32)nc2cc(CN)ccc21,456.54
CHEMBL4863420,6340.0,6340.0,6340.0,,,CHEMBL4879402,,Infectious hematopoietic necrosis virus,,Antiviral activity against Infectious hematopoietic necrosis virus infected in Fathead minnow EPC cells assessed as inhibition of G protein expression measured after 72 hrs by RT-qPCR method,Cc1cc(=O)oc2cc(OCCCCCCn3ccnc3C)ccc12,340.42
CHEMBL4865906,1.2,1.2,1.2,,,CHEMBL3856166,P03420,Fusion glycoprotein F0,Human respiratory syncytial virus A (strain A2),Inhibition of Respiratory syncytial virus A2 fusion protein expressed in HEK293T cells harboring GAL4-NF-kappaB assessed as reduction in cell-cell fusion by luciferase assay,CC(C)CCn1c(CN2C(=O)C3(CC3)c3ccc(Cl)cc32)nc2cc(CN)ccc21,422.96
CHEMBL4866951,183.0,183.0,183.0,,,CHEMBL3856166,P03420,Fusion glycoprotein F0,Human respiratory syncytial virus A (strain A2),Inhibition of Respiratory syncytial virus A2 fusion protein expressed in HEK293T cells harboring GAL4-NF-kappaB assessed as reduction in cell-cell fusion by luciferase assay,N=C(N)NCc1ccc2c(c1)nc(CN1C(=O)C3(CC3)c3ccc(F)cc31)n2CCCC(F)(F)F,488.49
CHEMBL4867108,1.0,1.0,1.0,,,CHEMBL3856166,P03420,Fusion glycoprotein F0,Human respiratory syncytial virus A (strain A2),Inhibition of Respiratory syncytial virus A2 fusion protein expressed in HEK293T cells harboring GAL4-NF-kappaB assessed as reduction in cell-cell fusion by luciferase assay,NCc1ccc2c(c1)nc(CN1C(=O)C3(CC3)c3cccc(F)c31)n2CCCC(F)(F)F,446.45
CHEMBL4869353,640.5,640.5,640.5,,,CHEMBL3856166,P03420,Fusion glycoprotein F0,Human respiratory syncytial virus A (strain A2),Inhibition of Respiratory syncytial virus A2 fusion protein expressed in HEK293T cells harboring GAL4-NF-kappaB assessed as reduction in cell-cell fusion by luciferase assay,CCNC(=N)c1ccc2c(c1)nc(CN1C(=O)C3(CC3)c3ccc(F)cc31)n2CCCC(F)(F)F,487.50
CHEMBL4870333,800.0,800.0,800.0,,,CHEMBL1293311,Q6QLK5,Envelope glycoprotein gp160,Human immunodeficiency virus 1,Inhibition of gp120 in HIV-1 subtype B #11578 harboring pseudotyped Env pWEAUd15.410.5017 infected in human TZM-bl cells assessed as reduction in viral infection pretreated for 30 mins before viral infection and measured after 3 days by luciferase based single cycle infection assay,NC[C@H](NC(=O)c1ccc(-c2ccc(Cl)cc2)[nH]1)c1nccs1,346.84
CHEMBL4871056,364.5,364.5,364.5,,,CHEMBL3856166,P03420,Fusion glycoprotein F0,Human respiratory syncytial virus A (strain A2),Inhibition of Respiratory syncytial virus A2 fusion protein expressed in HEK293T cells harboring GAL4-NF-kappaB assessed as reduction in cell-cell fusion by luciferase assay,CC(=O)NCc1ccc2c(c1)nc(CN1C(=O)C3(CC3)c3ccc(F)cc31)n2CCCC(F)(F)F,488.49
CHEMBL4871101,0.9,0.9,0.9,,,CHEMBL3856166,P03420,Fusion glycoprotein F0,Human respiratory syncytial virus A (strain A2),Inhibition of Respiratory syncytial virus fusion protein,CC(C)CCn1c(CN2C(=O)C3(CC3)c3cccnc32)nc2cc(CN)ccc21,389.50
CHEMBL4872095,0.7,0.7,0.7,,,CHEMBL3856166,P03420,Fusion glycoprotein F0,Human respiratory syncytial virus A (strain A2),Inhibition of Respiratory syncytial virus A2 fusion protein expressed in HEK293T cells harboring GAL4-NF-kappaB assessed as reduction in cell-cell fusion by luciferase assay,CC(C)CCn1c(CN2C(=O)C3(CC3)c3cc(F)ccc32)nc2cc(CN)ccc21,406.51
CHEMBL4872263,4.5,4.5,4.5,,,CHEMBL3856166,P03420,Fusion glycoprotein F0,Human respiratory syncytial virus A (strain A2),Inhibition of Respiratory syncytial virus A2 fusion protein expressed in HEK293T cells harboring GAL4-NF-kappaB assessed as reduction in cell-cell fusion by luciferase assay,CC(C)CCn1c(CN2C(=O)C3(CC3)c3cc(Cl)ccc32)nc2cc(CN)ccc21,422.96
CHEMBL4872465,7000.0,7000.0,7000.0,,,CHEMBL1293311,Q6QLK5,Envelope glycoprotein gp160,Human immunodeficiency virus 1,Inhibition of gp120 in HIV-1 subtype B #11578 harboring pseudotyped Env pWEAUd15.410.5017 infected in human TZM-bl cells assessed as reduction in viral infection pretreated for 30 mins before viral infection and measured after 3 days by luciferase based single cycle infection assay,NC[C@@H](NC(=O)c1cc2ccc(Cl)cc2[nH]1)c1ncc(CO)s1,350.83
CHEMBL4873037,8500.0,8500.0,8500.0,,,CHEMBL1293311,Q6QLK5,Envelope glycoprotein gp160,Human immunodeficiency virus 1,Inhibition of gp120 in HIV-1 subtype B #11578 harboring pseudotyped Env pWEAUd15.410.5017 infected in human TZM-bl cells assessed as reduction in viral infection pretreated for 30 mins before viral infection and measured after 3 days by luciferase based single cycle infection assay,O=C(N[C@@H](CC1CCNCC1)c1nc(CO)cs1)c1ccc(-c2ccc(C(F)(F)F)cc2)[nH]1,478.54
CHEMBL4873528,2.6,2.6,2.6,,,CHEMBL3856166,P03420,Fusion glycoprotein F0,Human respiratory syncytial virus A (strain A2),Inhibition of Respiratory syncytial virus A2 fusion protein expressed in HEK293T cells harboring GAL4-NF-kappaB assessed as reduction in cell-cell fusion by luciferase assay,NCc1ccc2c(c1)nc(CN1C(=O)C3(CC3)c3ccc(F)cc31)n2C1CCC(O)CC1,434.52
CHEMBL4873946,6200.0,6200.0,6200.0,,,CHEMBL1293311,Q6QLK5,Envelope glycoprotein gp160,Human immunodeficiency virus 1,Inhibition of gp120 in HIV-1 subtype B #11578 harboring pseudotyped Env pWEAUd15.410.5017 infected in human TZM-bl cells assessed as reduction in viral infection pretreated for 30 mins before viral infection and measured after 3 days by luciferase based single cycle infection assay,CC1(C)CC(NC(=O)c2ccc(-c3ccc(Cl)c(F)c3)[nH]2)CC(C)(C)N1,377.89
CHEMBL4873987,1069.5,1069.5,1069.5,,,CHEMBL3856166,P03420,Fusion glycoprotein F0,Human respiratory syncytial virus A (strain A2),Inhibition of Respiratory syncytial virus A2 fusion protein expressed in HEK293T cells harboring GAL4-NF-kappaB assessed as reduction in cell-cell fusion by luciferase assay,CS(=O)(=O)c1ccc2c(c1)nc(CN1C(=O)C3(CC3)c3ccc(F)cc31)n2CCCC(F)(F)F,495.50
CHEMBL4874289,4760.0,4760.0,4760.0,,,CHEMBL4879402,,Infectious hematopoietic necrosis virus,,Antiviral activity against Infectious hematopoietic necrosis virus infected in Fathead minnow EPC cells assessed as inhibition of G protein expression measured after 72 hrs by RT-qPCR method,Cc1cc(=O)oc2cc(OCCCCCCn3cnc4ccccc43)ccc12,376.46
CHEMBL4874709,1.2,1.2,1.2,,,CHEMBL3856166,P03420,Fusion glycoprotein F0,Human respiratory syncytial virus A (strain A2),Inhibition of Respiratory syncytial virus A2 fusion protein expressed in HEK293T cells harboring GAL4-NF-kappaB assessed as reduction in cell-cell fusion by luciferase assay,NCc1ccc2c(c1)nc(CN1C(=O)C3(CC3)c3ccc(F)cc31)n2C1CCOCC1,420.49
CHEMBL4876200,0.69,0.69,0.7,,,CHEMBL3856166,P03420,Fusion glycoprotein F0,Human respiratory syncytial virus A (strain A2),Inhibition of Respiratory syncytial virus fusion protein,CC(C)CCn1c(CN2C(=O)C3(CCOCC3)c3ccccc32)nc2cc(CN)ccc21,432.57
CHEMBL4876843,6.2,6.2,6.2,,,CHEMBL3856166,P03420,Fusion glycoprotein F0,Human respiratory syncytial virus A (strain A2),Inhibition of Respiratory syncytial virus A2 fusion protein expressed in HEK293T cells harboring GAL4-NF-kappaB assessed as reduction in cell-cell fusion by luciferase assay,O=C1N(Cc2nc3cc(Cl)ccc3n2CCCC(F)(F)F)c2cc(F)ccc2C12CC2,451.85
CHEMBL4877716,8200.0,8200.0,8200.0,,,CHEMBL1293311,Q6QLK5,Envelope glycoprotein gp160,Human immunodeficiency virus 1,Inhibition of gp120 in HIV-1 subtype B #11578 harboring pseudotyped Env pWEAUd15.410.5017 infected in human TZM-bl cells assessed as reduction in viral infection pretreated for 30 mins before viral infection and measured after 3 days by luciferase based single cycle infection assay,NC[C@H](NC(=O)c1cc2ccc(Cl)cc2[nH]1)c1ncc(CO)s1,350.83
CHEMBL4878086,46.7,46.7,46.7,,,CHEMBL3856166,P03420,Fusion glycoprotein F0,Human respiratory syncytial virus A (strain A2),Inhibition of Respiratory syncytial virus A2 fusion protein expressed in HEK293T cells harboring GAL4-NF-kappaB assessed as reduction in cell-cell fusion by luciferase assay,CC(C)CCn1c(CN2C(=O)C3(CC3)c3cccc(Cl)c32)nc2cc(CN)ccc21,422.96
CHEMBL4878302,0.5,0.5,0.5,,,CHEMBL3856166,P03420,Fusion glycoprotein F0,Human respiratory syncytial virus A (strain A2),Inhibition of Respiratory syncytial virus A2 fusion protein expressed in HEK293T cells harboring GAL4-NF-kappaB assessed as reduction in cell-cell fusion by luciferase assay,CC(C)CCn1c(CN2C(=O)C3(CC3)c3ccc(F)cc32)nc2cc(CN)ccc21,406.51
CHEMBL490,1380.0,7450.0,4415.0,,4.0,CHEMBL4434621,,Ebolavirus,,Antiviral activity against Ebolavirus infected in human HepG2 cells assessed as reduction in virus entry after 48 hrs by Celltiter-Glo luminescent assay,Fc1ccc([C@@H]2CCNC[C@H]2COc2ccc3c(c2)OCO3)cc1,329.37
CHEMBL492586,0.07,0.07079,0.1,,,CHEMBL612545,,Unchecked,,Inhibition of HIV1 gp120 binding to CD4 in human HeLa cells by cell fusion assay,COc1ccc(Cl)c2[nH]cc(C(=O)C(=O)N3CCN(C(=O)c4ccccc4)CC3)c12,425.87
CHEMBL492937,4.467,4.5,4.5,,,CHEMBL612545,,Unchecked,,Inhibition of HIV1 gp120 binding to CD4 in human HeLa cells by cell fusion assay,O=C(C(=O)N1CCN(C(=O)c2ccccc2)CC1)c1c[nH]c2cccc(Br)c12,440.30
CHEMBL492938,149.8,151.36,150.6,,,CHEMBL612545,,Unchecked,,Inhibition of HIV1 gp120 binding to CD4 in human HeLa cells by cell fusion assay,O=C(C(=O)N1CCN(C(=O)c2ccccc2)CC1)c1c[nH]c2cccc([N+](=O)[O-])c12,406.40
CHEMBL492946,952.2,954.99,953.6,,,CHEMBL612545,,Unchecked,,Inhibition of HIV1 gp120 binding to CD4 in human HeLa cells by cell fusion assay,CC(=O)Oc1ccc2[nH]cc(C(=O)C(=O)N3CCN(C(=O)c4ccccc4)CC3)c2c1,419.44
CHEMBL492947,208.0,208.93,208.5,,,CHEMBL612545,,Unchecked,,Inhibition of HIV1 gp120 binding to CD4 in human HeLa cells by cell fusion assay,O=C(C(=O)N1CCN(C(=O)c2ccccc2)CC1)c1c[nH]c2cc(Cl)ccc12,395.85
CHEMBL492948,328.8,331.13,330.0,,,CHEMBL612545,,Unchecked,,Inhibition of HIV1 gp120 binding to CD4 in human HeLa cells by cell fusion assay,COc1ccc2c(C(=O)C(=O)N3CCN(C(=O)c4ccccc4)CC3)c[nH]c2c1,391.43
CHEMBL493000,1.698,1.7,1.7,,,CHEMBL612545,,Unchecked,,Inhibition of HIV1 gp120 binding to CD4 in human HeLa cells by cell fusion assay,O=C(C(=O)N1CCN(C(=O)c2ccccc2)CC1)c1c[nH]c2c(F)c(F)c(F)c(F)c12,433.36
CHEMBL493011,1445.44,1450.0,1447.7,,,CHEMBL612545,,Unchecked,,Inhibition of HIV1 gp120 binding to CD4 in human HeLa cells by cell fusion assay,CCn1cc(C(=O)C(=O)N2CCN(C(=O)c3ccccc3)CC2)c2ccccc21,389.46
CHEMBL493184,2630.27,2650.0,2640.1,,,CHEMBL612545,,Unchecked,,Inhibition of HIV1 gp120 binding to CD4 in human HeLa cells by cell fusion assay,CCCCn1cc(C(=O)C(=O)N2CCN(C(=O)c3ccccc3)CC2)c2ccccc21,417.51
CHEMBL493535,3800.0,3801.89,3800.9,,,CHEMBL612545,,Unchecked,,Inhibition of HIV1 gp120 binding to CD4 in human HeLa cells by cell fusion assay,O=C(C(=O)N1CCN(C(=O)c2ccccc2)CC1)c1c[nH]c2ccc([N+](=O)[O-])cc12,406.40
CHEMBL493738,0.4467,0.45,0.4,,,CHEMBL612545,,Unchecked,,Inhibition of HIV1 gp120 binding to CD4 in human HeLa cells by cell fusion assay,CCOc1cccc2[nH]cc(C(=O)C(=O)N3CCN(C(=O)c4ccccc4)CC3)c12,405.45
CHEMBL493934,831.76,838.3,835.0,,,CHEMBL612545,,Unchecked,,Inhibition of HIV1 gp120 binding to CD4 in human HeLa cells by cell fusion assay,O=C(C(=O)N1CCN(C(=O)c2ccccc2)CC1)c1c[nH]c2ccc(F)cc12,379.39
CHEMBL493941,395.0,398.11,396.6,,,CHEMBL612545,,Unchecked,,Inhibition of HIV1 gp120 binding to CD4 in human HeLa cells by cell fusion assay,O=C(C(=O)N1CCN(C(=O)c2ccccc2)CC1)c1c[nH]c2ccc(Cl)cc12,395.85
CHEMBL493942,1090.3,1096.48,1093.4,,,CHEMBL612545,,Unchecked,,Inhibition of HIV1 gp120 binding to CD4 in human HeLa cells by cell fusion assay,O=C(C(=O)N1CCN(C(=O)c2ccccc2)CC1)c1c[nH]c2ccc(Br)cc12,440.30
CHEMBL494002,0.1288,0.13,0.1,,,CHEMBL612545,,Unchecked,,Inhibition of HIV1 gp120 binding to CD4 in human HeLa cells by cell fusion assay,O=C(C(=O)N1CCN(C(=O)c2ccccc2)CC1)c1c[nH]c2c(Br)ccc(F)c12,458.29
CHEMBL494134,1548.6,1548.82,1548.7,,,CHEMBL612545,,Unchecked,,Inhibition of HIV1 gp120 binding to CD4 in human HeLa cells by cell fusion assay,Cc1ccc2[nH]cc(C(=O)C(=O)N3CCN(C(=O)c4ccccc4)CC3)c2c1,375.43
CHEMBL494164,22.91,23.1,23.0,,,CHEMBL612545,,Unchecked,,Inhibition of HIV1 gp120 binding to CD4 in human HeLa cells by cell fusion assay,O=C(C(=O)N1CCN(C(=O)c2ccccc2)CC1)c1c[nH]c2cc(F)c(Br)c(F)c12,476.28
CHEMBL494225,0.3467,0.35,0.3,,,CHEMBL612545,,Unchecked,,Inhibition of HIV1 gp120 binding to CD4 in human HeLa cells by cell fusion assay,O=C(C(=O)N1CCN(C(=O)c2ccccc2)CC1)c1c[nH]c2c(F)ccc(F)c12,397.38
CHEMBL494349,23.99,24.2,24.1,,,CHEMBL612545,,Unchecked,,Inhibition of HIV1 gp120 binding to CD4 in human HeLa cells by cell fusion assay,CCc1cccc2c(C(=O)C(=O)N3CCN(C(=O)c4ccccc4)CC3)c[nH]c12,389.46
CHEMBL494358,4.898,4.9,4.9,,,CHEMBL612545,,Unchecked,,Inhibition of HIV1 gp120 binding to CD4 in human HeLa cells by cell fusion assay,N#Cc1cccc2c(C(=O)C(=O)N3CCN(C(=O)c4ccccc4)CC3)c[nH]c12,386.41
CHEMBL494547,0.14,0.1413,0.1,,,CHEMBL612545,,Unchecked,,Inhibition of HIV1 gp120 binding to CD4 in human HeLa cells by cell fusion assay,CCCCOc1cccc2c(C(=O)C(=O)N3CCN(C(=O)c4ccccc4)CC3)c[nH]c12,433.51
CHEMBL495004,1.9,1.905,1.9,,,CHEMBL612545,,Unchecked,,Inhibition of HIV1 gp120 binding to CD4 in human HeLa cells by cell fusion assay,N#Cc1ccc(F)c2c(C(=O)C(=O)N3CCN(C(=O)c4ccccc4)CC3)c[nH]c12,404.40
CHEMBL495019,0.4169,0.42,0.4,,,CHEMBL612545,,Unchecked,,Inhibition of HIV1 gp120 binding to CD4 in human HeLa cells by cell fusion assay,O=C(C(=O)N1CCN(C(=O)c2ccccc2)CC1)c1c[nH]c2cc(F)cc(F)c12,397.38
CHEMBL495031,17.38,17.4,17.4,,,CHEMBL612545,,Unchecked,,Inhibition of HIV1 gp120 binding to CD4 in human HeLa cells by cell fusion assay,O=C(C(=O)N1CCN(C(=O)c2ccccc2)CC1)c1c[nH]c2c(Br)cccc12,440.30
CHEMBL495032,89.13,89.5,89.3,,,CHEMBL612545,,Unchecked,,Inhibition of HIV1 gp120 binding to CD4 in human HeLa cells by cell fusion assay,Cc1cccc2c(C(=O)C(=O)N3CCN(C(=O)c4ccccc4)CC3)c[nH]c12,375.43
CHEMBL496,7260.0,7260.0,7260.0,Active,4.0,CHEMBL1293311,Q6QLK5,Envelope glycoprotein gp160,Human immunodeficiency virus 1,"PUBCHEM_BIOASSAY: uHTS fluorescence assay for the identification of Human Immunodeficiency Virus Fusion Inhibitors. (Class of assay: confirmatory) [Related pubchem assays (depositor defined):AID1991, AID434967]",Oc1c(Cl)cc(Cl)c(Cl)c1Cc1c(O)c(Cl)cc(Cl)c1Cl,406.91
CHEMBL5076671,9500.0,9500.0,9500.0,,,CHEMBL378,,Human immunodeficiency virus 1,,Antiviral activity against HIV1 931N101 infected in human SupT1 cells assessed as inhibition of viral entry mesaured after 96 hrs by p24- ELISA assay,CCOC(=O)C1=C(C)NC(=O)NC1c1ccccc1C,274.32
CHEMBL5076961,100.0,100.0,100.0,,,CHEMBL613966,,dengue virus type 2,,Antiviral activity against Dengue virus 2 infected in African green monkey Vero E6 cells assessed as inhibition of viral replication at entry stage measured after 96 hrs by DAPI staining based fluorescence microscopic analysis,C=CCNC(=S)N1C[C@H]2C[C@@H](C1)c1cccc(=O)n1C2,289.40
CHEMBL5077292,844.0,844.0,844.0,,,CHEMBL613966,,dengue virus type 2,,Antiviral activity against Dengue virus 2 infected in African green monkey Vero E6 cells assessed as inhibition of viral replication at entry stage measured after 96 hrs by DAPI staining based fluorescence microscopic analysis,Cn1cc(CNc2ccc3n(c2=O)C[C@@H]2C[C@H]3CN(C(=O)Nc3ccccc3)C2)c(=O)n(C)c1=O,476.54
CHEMBL5080811,1126.0,1126.0,1126.0,,,CHEMBL613966,,dengue virus type 2,,Antiviral activity against Dengue virus 2 infected in African green monkey Vero E6 cells assessed as inhibition of viral replication at entry stage measured after 96 hrs by DAPI staining based fluorescence microscopic analysis,CN1C[C@H]2C[C@@H](C1)c1ccc([N+](=O)[O-])c(=O)n1C2,249.27
CHEMBL5082634,3700.0,3700.0,3700.0,,,CHEMBL378,,Human immunodeficiency virus 1,,Antiviral activity against HIV1 931N101 infected in human SupT1 cells assessed as inhibition of viral entry mesaured after 96 hrs by p24- ELISA assay,CCOC(=O)C1=C(C)NC(=S)NC1c1cc(Br)ccc1O,371.26
CHEMBL5092408,471.0,471.0,471.0,,,CHEMBL613966,,dengue virus type 2,,Antiviral activity against Dengue virus 2 infected in African green monkey Vero E6 cells assessed as inhibition of viral replication at entry stage measured after 96 hrs by DAPI staining based fluorescence microscopic analysis,CN1C[C@H]2C[C@@H](C1)c1ccc(NCc3ccc(O)cc3)c(=O)n1C2,325.41
CHEMBL5094408,1843.0,1843.0,1843.0,,,CHEMBL613966,,dengue virus type 2,,Antiviral activity against Dengue virus 2 infected in African green monkey Vero E6 cells assessed as inhibition of viral replication at entry stage measured after 96 hrs by DAPI staining based fluorescence microscopic analysis,CN1C[C@H]2C[C@@H](C1)c1ccc(NCc3cn(C)c(=O)n(C)c3=O)c(=O)n1C2,371.44
CHEMBL5094863,5300.0,5300.0,5300.0,,,CHEMBL378,,Human immunodeficiency virus 1,,Antiviral activity against HIV1 931N101 infected in human SupT1 cells assessed as inhibition of viral entry mesaured after 96 hrs by p24- ELISA assay,CCOC(=O)C1=C(C)NC(=O)NC1c1cc(Br)ccc1O,355.19
CHEMBL5169543,145.0,145.0,145.0,,,CHEMBL378,,Human immunodeficiency virus 1,,Antiviral activity against HIV-1 KP-5mvcR infected in human TZM-bl cells assessed as inhibition of viral entry by measuring reduction in RLU by single round assay,N=C(N)NCCCCC(=O)NCCN1CCC(NC(=O)C(=O)Nc2ccc(Cl)cc2)CC1,465.99
CHEMBL5170649,440.0,440.0,440.0,,,CHEMBL613740,,Influenza A virus,,Antiviral activity against group 2 influenza A H7N1 pseudotyped virus infected in A549 cells assessed as inhibition of viral entry incubated for 48 hrs by measuring luciferase activity by Neolite reporter gene assay,CCCCOc1ccc(-c2nc3ncccn3c2NC2CCCCCC2)cc1,378.52
CHEMBL5171739,1500.0,1500.0,1500.0,,,CHEMBL613740,,Influenza A virus,,Antiviral activity against group 2 influenza A H7N1 pseudotyped virus infected in A549 cells assessed as inhibition of viral entry incubated for 48 hrs by measuring luciferase activity by Neolite reporter gene assay,CCCCOc1ccc(-c2nc3ncccn3c2NC2CCCC2)cc1,350.47
CHEMBL5171827,80.0,80.0,80.0,,,CHEMBL613740,,Influenza A virus,,Antiviral activity against group 2 influenza A H7N1 pseudotyped virus infected in A549 cells assessed as inhibition of viral entry incubated for 48 hrs by measuring luciferase activity by Neolite reporter gene assay,COCCOc1ccc(-c2nc3ncccn3c2NC2CCCCC2)cc1,366.46
CHEMBL5175738,1300.0,1300.0,1300.0,,,CHEMBL613740,,Influenza A virus,,Antiviral activity against group 2 influenza A H7N1 pseudotyped virus infected in A549 cells assessed as inhibition of viral entry incubated for 48 hrs by measuring luciferase activity by Neolite reporter gene assay,CN(c1c(-c2ccc(F)cc2)nc2ncccn12)C1CCCCC1,324.40
CHEMBL5176153,2300.0,2300.0,2300.0,,,CHEMBL613740,,Influenza A virus,,Antiviral activity against group 2 influenza A H7N1 pseudotyped virus infected in A549 cells assessed as inhibition of viral entry incubated for 48 hrs by measuring luciferase activity by Neolite reporter gene assay,COc1ccccc1-c1nc2ncccn2c1NC1CCCCC1,322.41
CHEMBL5177361,8100.0,8100.0,8100.0,,,CHEMBL613740,,Influenza A virus,,Antiviral activity against group 2 influenza A H7N1 pseudotyped virus infected in A549 cells assessed as inhibition of viral entry incubated for 48 hrs by measuring luciferase activity by Neolite reporter gene assay,CCCCOc1ccc(-c2c(NC(C)(C)CC(C)(C)C)nc3ncccn23)cc1,394.56
CHEMBL5178096,64.0,64.0,64.0,,,CHEMBL613740,,Influenza A virus,,Antiviral activity against group 2 influenza A H7N1 pseudotyped virus infected in A549 cells assessed as inhibition of viral entry incubated for 48 hrs by measuring luciferase activity by Neolite reporter gene assay,CCNC(=O)CCCOc1ccc(-c2nc3ncccn3c2NC2CCCCC2)cc1,421.55
CHEMBL5182170,30.0,640.0,235.7,,,CHEMBL613740,,Influenza A virus,,Antiviral activity against group 2 influenza A virus H3N2 (A/Victoria/361/2011) infected in human A549 cells assessed as inhibition of viral entry preincubated with compound for 30 mins followed by viral infection for 1 hour further incubated for 48 hrs with replacement of fresh medium containing compound.,COc1ccc(-c2nc3ncccn3c2NC2CCCCC2)cc1,322.41
CHEMBL5189131,6000.0,6000.0,6000.0,,,CHEMBL613740,,Influenza A virus,,Antiviral activity against group 2 influenza A H7N1 pseudotyped virus infected in A549 cells assessed as inhibition of viral entry incubated for 48 hrs by measuring luciferase activity by Neolite reporter gene assay,CCCCOc1ccc(-c2nc3ncccn3c2NCc2ccc3ccccc3c2)cc1,422.53
CHEMBL5189309,2300.0,2300.0,2300.0,,,CHEMBL378,,Human immunodeficiency virus 1,,Antiviral activity against HIV-1 pseudotyped virus expressing HXB-2 Env proteins infected in human TZM-bl cells assessed as inhibition of viral entry preincubated for 30 mins followed by infection with cells and measured after 3 days by luciferase based analysis,Cc1nc(C(CN)NC(=O)c2ccc(-c3ccc4c(c3)OCO4)[nH]2)sc1CO,400.46
CHEMBL5189656,190.0,1500.0,522.5,,,CHEMBL613740,,Influenza A virus,,Antiviral activity against group 2 influenza A virus LPAI H7N7 (A/Netherlands/219/2003) infected in human A549 cells assessed as inhibition of viral entry preincubated with compound for 30 mins followed by viral infection for 1 hour further incubated for 48 hrs with replacement of fresh medium containing compound,Brc1ccc(-c2nc3ncccn3c2NC2CCCCC2)cc1,371.28
CHEMBL5190738,5200.0,5200.0,5200.0,,,CHEMBL613740,,Influenza A virus,,Antiviral activity against group 2 influenza A H7N1 pseudotyped virus infected in A549 cells assessed as inhibition of viral entry incubated for 48 hrs by measuring luciferase activity by Neolite reporter gene assay,COCCOc1ccc(-c2nc3ncccn3c2Nc2ccccc2)cc1,360.42
CHEMBL5192401,1800.0,1800.0,1800.0,,,CHEMBL613740,,Influenza A virus,,Antiviral activity against group 2 influenza A H7N1 pseudotyped virus infected in A549 cells assessed as inhibition of viral entry incubated for 48 hrs by measuring luciferase activity by Neolite reporter gene assay,CCOC(=O)CCCOc1ccc(-c2nc3ncccn3c2NC2CCCCC2)cc1,422.53
CHEMBL5192600,150.0,150.0,150.0,,,CHEMBL613740,,Influenza A virus,,Antiviral activity against group 2 influenza A H7N1 pseudotyped virus infected in A549 cells assessed as inhibition of viral entry incubated for 48 hrs by measuring luciferase activity by Neolite reporter gene assay,Clc1ccc(-c2nc3ncccn3c2NC2CCCCC2)cc1,326.83
CHEMBL519278,4.0,4.0,4.0,,,CHEMBL378,,Human immunodeficiency virus 1,,Antiviral activity against R5 tropic HIV1 BaL infected in human JC53-BL cells expressing CCR5 after 2 days by cell-cell fusion assay,CCCC[C@H]1CN(C(=O)NC)CCC12CCN(C1(C)CCN(C(=O)c3c(C)ncnc3C)CC1)CC2,498.72
CHEMBL5194922,680.0,680.0,680.0,,,CHEMBL613740,,Influenza A virus,,Antiviral activity against group 2 influenza A H7N1 pseudotyped virus infected in A549 cells assessed as inhibition of viral entry incubated for 48 hrs by measuring luciferase activity by Neolite reporter gene assay,c1cnc2nc(-c3ccc(OC4CCCC4)cc3)c(NC3CCCCC3)n2c1,376.50
CHEMBL5196955,2300.0,2300.0,2300.0,,,CHEMBL613740,,Influenza A virus,,Antiviral activity against group 2 influenza A H7N1 pseudotyped virus infected in A549 cells assessed as inhibition of viral entry incubated for 48 hrs by measuring luciferase activity by Neolite reporter gene assay,CCCCOc1ccc(-c2nc3ncccn3c2NC(C)(C)CC(C)(C)C)cc1,394.56
CHEMBL5197032,1500.0,1500.0,1500.0,,,CHEMBL613740,,Influenza A virus,,Antiviral activity against group 2 influenza A H7N1 pseudotyped virus infected in A549 cells assessed as inhibition of viral entry incubated for 48 hrs by measuring luciferase activity by Neolite reporter gene assay,Brc1ccc(-c2nc3ncccn3c2Nc2ccccc2)cc1,365.23
CHEMBL5197058,360.0,360.0,360.0,,,CHEMBL613740,,Influenza A virus,,Antiviral activity against group 2 influenza A H7N1 pseudotyped virus infected in A549 cells assessed as inhibition of viral entry incubated for 48 hrs by measuring luciferase activity by Neolite reporter gene assay,Cc1cc(C)n2c(NC3CCCCC3)c(-c3ccc(Br)cc3)nc2n1,399.34
CHEMBL5197150,8600.0,8600.0,8600.0,,,CHEMBL613740,,Influenza A virus,,Antiviral activity against group 2 influenza A H7N1 pseudotyped virus infected in A549 cells assessed as inhibition of viral entry incubated for 48 hrs by measuring luciferase activity by Neolite reporter gene assay,CC(C)(C)CC(C)(C)Nc1nc2ncccn2c1-c1ccc(Br)cc1,401.35
CHEMBL5197544,1500.0,1500.0,1500.0,,,CHEMBL613740,,Influenza A virus,,Antiviral activity against group 2 influenza A H7N1 pseudotyped virus infected in A549 cells assessed as inhibition of viral entry incubated for 48 hrs by measuring luciferase activity by Neolite reporter gene assay,CCCCOc1ccc(-c2nc3ncccn3c2Nc2ccc(F)cc2)cc1,376.44
CHEMBL5197920,1000.0,1000.0,1000.0,,,CHEMBL613740,,Influenza A virus,,Antiviral activity against group 2 influenza A H7N1 pseudotyped virus infected in A549 cells assessed as inhibition of viral entry incubated for 48 hrs by measuring luciferase activity by Neolite reporter gene assay,CC(C)(C)CC(C)(C)Nc1c(-c2ccc(Br)cc2)nc2ncccn12,401.35
CHEMBL5197940,260.0,260.0,260.0,,,CHEMBL613740,,Influenza A virus,,Antiviral activity against group 2 influenza A H7N1 pseudotyped virus infected in A549 cells assessed as inhibition of viral entry incubated for 48 hrs by measuring luciferase activity by Neolite reporter gene assay,Fc1ccc(COc2ccc(-c3nc4ncccn4c3NC3CCCCC3)cc2)cc1,416.50
CHEMBL5198656,220.0,220.0,220.0,,,CHEMBL613740,,Influenza A virus,,Antiviral activity against group 2 influenza A H7N1 pseudotyped virus infected in A549 cells assessed as inhibition of viral entry incubated for 48 hrs by measuring luciferase activity by Neolite reporter gene assay,CCCCOc1ccc(-c2nc3ncccn3c2NC2CCCCC2)c(C)c1,378.52
CHEMBL5201359,180.0,180.0,180.0,,,CHEMBL613740,,Influenza A virus,,Antiviral activity against group 2 influenza A H7N1 pseudotyped virus infected in A549 cells assessed as inhibition of viral entry incubated for 48 hrs by measuring luciferase activity by Neolite reporter gene assay,O=C(O)CCCOc1ccc(-c2nc3ncccn3c2NC2CCCCC2)cc1,394.48
CHEMBL5201788,7900.0,7900.0,7900.0,,,CHEMBL613740,,Influenza A virus,,Antiviral activity against group 2 influenza A H7N1 pseudotyped virus infected in A549 cells assessed as inhibition of viral entry incubated for 48 hrs by measuring luciferase activity by Neolite reporter gene assay,CCCCOc1ccc(-c2nc3ncccn3c2NCc2ccco2)cc1,362.43
CHEMBL5202821,2200.0,2200.0,2200.0,,,CHEMBL613740,,Influenza A virus,,Antiviral activity against group 2 influenza A H7N1 pseudotyped virus infected in A549 cells assessed as inhibition of viral entry incubated for 48 hrs by measuring luciferase activity by Neolite reporter gene assay,Cc1cc(Br)ccc1-c1nc2ncccn2c1Nc1ccccc1,379.26
CHEMBL5203384,310.0,310.0,310.0,,,CHEMBL613740,,Influenza A virus,,Antiviral activity against group 2 influenza A H7N1 pseudotyped virus infected in A549 cells assessed as inhibition of viral entry incubated for 48 hrs by measuring luciferase activity by Neolite reporter gene assay,CCCCOc1ccc(-c2nc3ncccn3c2NCC2CCCCC2)cc1,378.52
CHEMBL5205545,4500.0,4500.0,4500.0,,,CHEMBL613740,,Influenza A virus,,Antiviral activity against group 2 influenza A H7N1 pseudotyped virus infected in A549 cells assessed as inhibition of viral entry incubated for 48 hrs by measuring luciferase activity by Neolite reporter gene assay,CCCCOc1ccc(-c2nc3ncccn3c2Nc2ccccc2)c(C)c1,372.47
CHEMBL5205790,250.0,250.0,250.0,,,CHEMBL613740,,Influenza A virus,,Antiviral activity against group 2 influenza A H7N1 pseudotyped virus infected in A549 cells assessed as inhibition of viral entry incubated for 48 hrs by measuring luciferase activity by Neolite reporter gene assay,Cc1cc(C)n2c(Nc3ccc4c(c3)OCCO4)c(-c3cccc(Br)c3)nc2n1,451.32
CHEMBL5208461,2300.0,2300.0,2300.0,,,CHEMBL613740,,Influenza A virus,,Antiviral activity against group 2 influenza A H7N1 pseudotyped virus infected in A549 cells assessed as inhibition of viral entry incubated for 48 hrs by measuring luciferase activity by Neolite reporter gene assay,CCCCOc1ccc(-c2nc3ncccn3c2NC(C)C)cc1,324.43
CHEMBL522022,0.1288,0.13,0.1,,,CHEMBL612545,,Unchecked,,Inhibition of HIV1 gp120 binding to CD4 in human HeLa cells by cell fusion assay,COc1ccc(Br)c2[nH]cc(C(=O)C(=O)N3CCN(C(=O)c4ccccc4)CC3)c12,470.32
CHEMBL522175,0.56,0.5623,0.6,,,CHEMBL612545,,Unchecked,,Inhibition of HIV1 gp120 binding to CD4 in human HeLa cells by cell fusion assay,Cc1ccc(F)c2c(C(=O)C(=O)N3CCN(C(=O)c4ccccc4)CC3)c[nH]c12,393.42
CHEMBL522322,0.2291,0.23,0.2,,,CHEMBL612545,,Unchecked,,Inhibition of HIV1 gp120 binding to CD4 in human HeLa cells by cell fusion assay,COc1ccc(OC)c2c(C(=O)C(=O)N3CCN(C(=O)c4ccccc4)CC3)c[nH]c12,421.45
CHEMBL522345,0.06,0.06026,0.1,,,CHEMBL612545,,Unchecked,,Inhibition of HIV1 gp120 binding to CD4 in human HeLa cells by cell fusion assay,COc1ccc(C#N)c2[nH]cc(C(=O)C(=O)N3CCN(C(=O)c4ccccc4)CC3)c12,416.44
CHEMBL522372,7.244,7.3,7.3,,,CHEMBL612545,,Unchecked,,Inhibition of HIV1 gp120 binding to CD4 in human HeLa cells by cell fusion assay,O=C(C(=O)N1CCN(C(=O)c2ccccc2)CC1)c1c[nH]c2c(F)cccc12,379.39
CHEMBL522665,263.03,265.0,264.0,,,CHEMBL612545,,Unchecked,,Inhibition of HIV1 gp120 binding to CD4 in human HeLa cells by cell fusion assay,Cn1cc(C(=O)C(=O)N2CCN(C(=O)c3ccccc3)CC2)c2ccccc21,375.43
CHEMBL522687,4.365,4.4,4.4,,,CHEMBL612545,,Unchecked,,Inhibition of HIV1 gp120 binding to CD4 in human HeLa cells by cell fusion assay,O=C(C(=O)N1CCN(C(=O)c2ccccc2)CC1)c1c[nH]c2c(Cl)cccc12,395.85
CHEMBL523362,0.06,0.06026,0.1,,,CHEMBL612545,,Unchecked,,Inhibition of HIV1 gp120 binding to CD4 in human HeLa cells by cell fusion assay,COc1ccc(F)c2c(C(=O)C(=O)N3CCN(C(=O)c4ccccc4)CC3)c[nH]c12,409.42
CHEMBL523369,72.44,73.1,72.8,,,CHEMBL612545,,Unchecked,,Inhibition of HIV1 gp120 binding to CD4 in human HeLa cells by cell fusion assay,O=C(C(=O)N1CCN(C(=O)c2ccccc2)CC1)c1c[nH]c2c(Br)cc(F)cc12,458.29
CHEMBL523372,6.6,6.607,6.6,,,CHEMBL612545,,Unchecked,,Inhibition of HIV1 gp120 binding to CD4 in human HeLa cells by cell fusion assay,COc1cccc2c(C(=O)C(=O)N3CCN(C(=O)c4ccccc4)CC3)c[nH]c12,391.43
CHEMBL523702,500.0,501.19,500.6,,,CHEMBL612545,,Unchecked,,Inhibition of HIV1 gp120 binding to CD4 in human HeLa cells by cell fusion assay,O=C(C(=O)N1CCN(C(=O)c2ccccc2)CC1)c1c[nH]c2cc(Cl)c(Cl)cc12,430.29
CHEMBL523717,0.7079,0.71,0.7,,,CHEMBL612545,,Unchecked,,Inhibition of HIV1 gp120 binding to CD4 in human HeLa cells by cell fusion assay,O=C(C(=O)N1CCN(C(=O)c2ccccc2)CC1)c1c[nH]c2c(OCC(F)(F)F)ccc(F)c12,477.41
CHEMBL523842,4.266,4.3,4.3,,,CHEMBL612545,,Unchecked,,Inhibition of HIV1 gp120 binding to CD4 in human HeLa cells by cell fusion assay,O=C(C(=O)N1CCN(C(=O)c2ccccc2)CC1)c1c[nH]c2cccc(Cl)c12,395.85
CHEMBL523864,0.52,0.5248,0.5,,,CHEMBL612545,,Unchecked,,Inhibition of HIV1 gp120 binding to CD4 in human HeLa cells by cell fusion assay,COc1cccc2[nH]cc(C(=O)C(=O)N3CCN(C(=O)c4ccccc4)CC3)c12,391.43
CHEMBL524010,20.89,21.1,21.0,,,CHEMBL612545,,Unchecked,,Inhibition of HIV1 gp120 binding to CD4 in human HeLa cells by cell fusion assay,O=C(C(=O)N1CCN(C(=O)c2ccccc2)CC1)c1c[nH]c2cc(F)ccc12,379.39
CHEMBL524048,8.128,8.2,8.2,,,CHEMBL612545,,Unchecked,,Inhibition of HIV1 gp120 binding to CD4 in human HeLa cells by cell fusion assay,O=C(C(=O)N1CCN(C(=O)c2ccccc2)CC1)c1c[nH]c2c(F)ccc(Br)c12,458.29
CHEMBL5266347,1.5,1.5,1.5,,,CHEMBL613966,,dengue virus type 2,,Antiviral activity against DENV2 ThNH-7/93 infected in hamster BHK-21 cells assessed as reduction in viral entry incubated for 2 hrs by focus forming assay,CC(=O)N[C@@H]1[C@@H](O[C@@H]2O[C@H](C(=O)O)[C@@H](O)[C@H](O)[C@H]2O)[C@@H](O)[C@@H](OS(=O)(=O)O)O[C@H]1O,463.37
CHEMBL5278363,390.0,450.0,420.0,,,CHEMBL1293311,Q6QLK5,Envelope glycoprotein gp160,Human immunodeficiency virus 1,Inhibition of HIV1 gp120-mediated cell-cell fusion between HIV1 ADA infected human H9 cells to human TZM-bl cells transmitting cells treated for 1 hr followed by washout cells incubated 24 hrs with acceptor cells by luciferase reporter gene based CXCR4 tropic assay,NC[C@H](NC(=O)c1ccc(-c2ccc(C(F)(F)F)cc2F)[nH]1)c1nc(CCO)cs1,442.44
CHEMBL539400,9.0,9.0,9.0,,,CHEMBL378,,Human immunodeficiency virus 1,,Antiviral activity against HIV1 infected in human HeLa cells expressing CD4-LTR assessed as inhibition of viral entry-related beta galactosidase expression treated for 2 hrs followed by drug wash out measured after 48 hrs by MAGI assay,Cc1cc(C)cc(Sc2c(C(C)C)c(=O)[nH]c(=O)n2CC2=CCCC2)c1,370.52
CHEMBL539429,110.0,110.0,110.0,,,CHEMBL378,,Human immunodeficiency virus 1,,Antiviral activity against HIV1 infected in human HeLa cells expressing CD4-LTR assessed as inhibition of viral entry-related beta galactosidase expression treated for 2 hrs followed by drug wash out measured after 48 hrs by MAGI assay,CCc1c(Sc2cc(C)cc(C)c2)n(CC2CCC2)c(=O)[nH]c1=O,344.48
CHEMBL540490,20.0,20.0,20.0,,,CHEMBL378,,Human immunodeficiency virus 1,,Antiviral activity against HIV1 infected in human HeLa cells expressing CD4-LTR assessed as inhibition of viral entry-related beta galactosidase expression treated for 2 hrs followed by drug wash out measured after 48 hrs by MAGI assay,CCc1c(Sc2ccccc2)n(CC2CC=CC2)c(=O)[nH]c1=O,328.44
CHEMBL540494,20.0,20.0,20.0,,,CHEMBL378,,Human immunodeficiency virus 1,,Antiviral activity against HIV1 infected in human HeLa cells expressing CD4-LTR assessed as inhibition of viral entry-related beta galactosidase expression treated for 2 hrs followed by drug wash out measured after 48 hrs by MAGI assay,Cc1cc(C)cc(Oc2c(C(C)C)c(=O)[nH]c(=O)n2CCC2CCCC2)c1,370.49
CHEMBL540658,5300.0,5300.0,5300.0,,,CHEMBL612545,,Unchecked,,Inhibition of HIV1 envelope glycoprotein gp160-mediated cell fusion by cell-cell fusion assay,CC(=O)CC(=O)O[C@@H](C)CCCCC[C@H]1C[C@H]2CC[C@H]3C[C@@H](C)NC(=[N+]23)N1.[Cl-],378.54
CHEMBL540909,3500.0,3500.0,3500.0,,,CHEMBL612545,,Unchecked,,Inhibition of HIV1 envelope glycoprotein gp160-mediated cell fusion by cell-cell fusion assay,CCCCCCCCC[C@@H]1C[C@@H]2CC[C@H]3C(C(=O)OC(C)(C)C)=C(C)NC(=[N+]23)N1.[Cl-],404.62
CHEMBL5416410,530.0,530.0,530.0,,4.0,CHEMBL379,,Hepatitis C virus,,Antiviral activity against pseudo typed HCV infected in human Huh-7.5.1 cells assessed as prevention of pseudo particle entry,Cc1nc(Nc2ncc(C(=O)Nc3c(C)cccc3Cl)s2)cc(N2CCN(CCO)CC2)n1.O,488.02
CHEMBL549360,260.0,260.0,260.0,,,CHEMBL378,,Human immunodeficiency virus 1,,Antiviral activity against HIV1 infected in human HeLa cells expressing CD4-LTR assessed as inhibition of viral entry-related beta galactosidase expression treated for 2 hrs followed by drug wash out measured after 48 hrs by MAGI assay,CCc1c(Sc2cc(C)cc(C)c2)n(CC2CC=CC2)c(=O)[nH]c1=O,356.49
CHEMBL549428,70.0,70.0,70.0,,,CHEMBL378,,Human immunodeficiency virus 1,,Antiviral activity against HIV1 infected in human HeLa cells expressing CD4-LTR assessed as inhibition of viral entry-related beta galactosidase expression treated for 2 hrs followed by drug wash out measured after 48 hrs by MAGI assay,CCc1c(C(=O)c2cc(C)cc(C)c2)n(CCC2C=CCC2)c(=O)[nH]c1=O,366.46
CHEMBL549839,1950.0,1950.0,1950.0,,,CHEMBL378,,Human immunodeficiency virus 1,,Antiviral activity against HIV1 infected in human HeLa cells expressing CD4-LTR assessed as inhibition of viral entry-related beta galactosidase expression treated for 2 hrs followed by drug wash out measured after 48 hrs by MAGI assay,CCc1c(Oc2cc(C)cc(C)c2)n(CCC2CC=CC2)c(=O)[nH]c1=O,354.45
CHEMBL549900,820.0,820.0,820.0,,,CHEMBL378,,Human immunodeficiency virus 1,,Antiviral activity against HIV1 infected in human HeLa cells expressing CD4-LTR assessed as inhibition of viral entry-related beta galactosidase expression treated for 2 hrs followed by drug wash out measured after 48 hrs by MAGI assay,Cc1cc(C)cc(C(=O)c2c(C(C)C)c(=O)[nH]c(=O)n2CCC2CC=CC2)c1,380.49
CHEMBL549977,1280.0,1280.0,1280.0,,,CHEMBL378,,Human immunodeficiency virus 1,,Antiviral activity against HIV1 infected in human HeLa cells expressing CD4-LTR assessed as inhibition of viral entry-related beta galactosidase expression treated for 2 hrs followed by drug wash out measured after 48 hrs by MAGI assay,Cc1cc(C)cc(Sc2c(C(C)C)c(=O)[nH]c(=O)n2CCC2CCCC2)c1,386.56
CHEMBL549981,50.0,50.0,50.0,,,CHEMBL378,,Human immunodeficiency virus 1,,Antiviral activity against HIV1 infected in human HeLa cells expressing CD4-LTR assessed as inhibition of viral entry-related beta galactosidase expression treated for 2 hrs followed by drug wash out measured after 48 hrs by MAGI assay,CCc1c(Sc2cc(C)cc(C)c2)n(CC2CCCCC2)c(=O)[nH]c1=O,372.53
CHEMBL550163,30.0,30.0,30.0,,,CHEMBL378,,Human immunodeficiency virus 1,,Antiviral activity against HIV1 infected in human HeLa cells expressing CD4-LTR assessed as inhibition of viral entry-related beta galactosidase expression treated for 2 hrs followed by drug wash out measured after 48 hrs by MAGI assay,Cc1cc(C)cc(C(=O)c2c(C(C)C)c(=O)[nH]c(=O)n2Cc2ccccc2)c1,376.46
CHEMBL550386,14.0,14.0,14.0,,,CHEMBL378,,Human immunodeficiency virus 1,,Antiviral activity against HIV1 infected in human HeLa cells expressing CD4-LTR assessed as inhibition of viral entry-related beta galactosidase expression treated for 2 hrs followed by drug wash out measured after 48 hrs by MAGI assay,Cc1cc(C)cc(C(=O)c2c(C(C)C)c(=O)[nH]c(=O)n2CCC2CCCC2)c1,382.50
CHEMBL550507,9.0,9.0,9.0,,,CHEMBL378,,Human immunodeficiency virus 1,,Antiviral activity against HIV1 infected in human HeLa cells expressing CD4-LTR assessed as inhibition of viral entry-related beta galactosidase expression treated for 2 hrs followed by drug wash out measured after 48 hrs by MAGI assay,CCc1c(Sc2cc(C)cc(C)c2)n(CC2=CCCC2)c(=O)[nH]c1=O,356.49
CHEMBL550916,9.0,9.0,9.0,,,CHEMBL378,,Human immunodeficiency virus 1,,Antiviral activity against HIV1 infected in human HeLa cells expressing CD4-LTR assessed as inhibition of viral entry-related beta galactosidase expression treated for 2 hrs followed by drug wash out measured after 48 hrs by MAGI assay,Cc1cc(C)cc(Sc2c(C(C)C)c(=O)[nH]c(=O)n2CC2CC2)c1,344.48
CHEMBL550918,60.0,60.0,60.0,,,CHEMBL378,,Human immunodeficiency virus 1,,Antiviral activity against HIV1 infected in human HeLa cells expressing CD4-LTR assessed as inhibition of viral entry-related beta galactosidase expression treated for 2 hrs followed by drug wash out measured after 48 hrs by MAGI assay,CCc1c(C(=O)c2cc(C)cc(C)c2)n(CC2CCC2)c(=O)[nH]c1=O,340.42
CHEMBL550992,2620.0,2620.0,2620.0,,,CHEMBL378,,Human immunodeficiency virus 1,,Antiviral activity against HIV1 infected in human HeLa cells expressing CD4-LTR assessed as inhibition of viral entry-related beta galactosidase expression treated for 2 hrs followed by drug wash out measured after 48 hrs by MAGI assay,CCc1c(Oc2cc(C)cc(C)c2)n(CCC2=CCCC2)c(=O)[nH]c1=O,354.45
CHEMBL551257,260.0,260.0,260.0,,,CHEMBL378,,Human immunodeficiency virus 1,,Antiviral activity against HIV1 infected in human HeLa cells expressing CD4-LTR assessed as inhibition of viral entry-related beta galactosidase expression treated for 2 hrs followed by drug wash out measured after 48 hrs by MAGI assay,Cc1cc(C)cc(Oc2c(C(C)C)c(=O)[nH]c(=O)n2CC2CCC2)c1,342.44
CHEMBL551459,230.0,230.0,230.0,,,CHEMBL378,,Human immunodeficiency virus 1,,Antiviral activity against HIV1 infected in human HeLa cells expressing CD4-LTR assessed as inhibition of viral entry-related beta galactosidase expression treated for 2 hrs followed by drug wash out measured after 48 hrs by MAGI assay,CCc1c(Oc2cc(C)cc(C)c2)n(CC2CCCC2)c(=O)[nH]c1=O,342.44
CHEMBL551516,2350.0,2350.0,2350.0,,,CHEMBL378,,Human immunodeficiency virus 1,,Antiviral activity against HIV1 infected in human HeLa cells expressing CD4-LTR assessed as inhibition of viral entry-related beta galactosidase expression treated for 2 hrs followed by drug wash out measured after 48 hrs by MAGI assay,CCc1c(Oc2cc(C)cc(C)c2)n(CCC2CCCC2)c(=O)[nH]c1=O,356.47
CHEMBL551518,870.0,870.0,870.0,,,CHEMBL378,,Human immunodeficiency virus 1,,Antiviral activity against HIV1 infected in human HeLa cells expressing CD4-LTR assessed as inhibition of viral entry-related beta galactosidase expression treated for 2 hrs followed by drug wash out measured after 48 hrs by MAGI assay,Cc1cc(C)cc(Oc2c(C(C)C)c(=O)[nH]c(=O)n2CC2CCCC2)c1,356.47
CHEMBL551661,480.0,480.0,480.0,,,CHEMBL378,,Human immunodeficiency virus 1,,Antiviral activity against HIV1 infected in human HeLa cells expressing CD4-LTR assessed as inhibition of viral entry-related beta galactosidase expression treated for 2 hrs followed by drug wash out measured after 48 hrs by MAGI assay,CCc1c(Sc2cc(C)cc(C)c2)n(CCC2CCCC2)c(=O)[nH]c1=O,372.53
CHEMBL551697,2000.0,2000.0,2000.0,,,CHEMBL612545,,Unchecked,,Inhibition of Measles virus hemagglutininin/F-mediated cell-cell fusion expressed in african green monkey Vero cells after 24 hrs relative to untreated control,CCn1cc(C(=O)NCc2ccc(Cl)cc2)c(=O)c2ccc(C(F)(F)F)cc21,408.81
CHEMBL551798,50.0,50.0,50.0,,,CHEMBL378,,Human immunodeficiency virus 1,,Antiviral activity against HIV1 infected in human HeLa cells expressing CD4-LTR assessed as inhibition of viral entry-related beta galactosidase expression treated for 2 hrs followed by drug wash out measured after 48 hrs by MAGI assay,CCc1c(C(=O)c2cc(C)cc(C)c2)n(CC2CCCCC2)c(=O)[nH]c1=O,368.48
CHEMBL551922,230.0,230.0,230.0,,,CHEMBL378,,Human immunodeficiency virus 1,,Antiviral activity against HIV1 infected in human HeLa cells expressing CD4-LTR assessed as inhibition of viral entry-related beta galactosidase expression treated for 2 hrs followed by drug wash out measured after 48 hrs by MAGI assay,CCc1c(Oc2cc(C)cc(C)c2)n(CC2CCCCC2)c(=O)[nH]c1=O,356.47
CHEMBL551961,200.0,200.0,200.0,,,CHEMBL612545,,Unchecked,,Inhibition of JUNV envelope glycoprotein-mediated late endosomal pH-dependent membrane fusion by cell-cell fusion reporter assay,COc1ccc(CN2C(=O)CN(C(=O)c3cc4ccccc4o3)CC2CCc2ccccc2)cc1,468.55
CHEMBL552192,50.0,50.0,50.0,,,CHEMBL378,,Human immunodeficiency virus 1,,Antiviral activity against HIV1 infected in human HeLa cells expressing CD4-LTR assessed as inhibition of viral entry-related beta galactosidase expression treated for 2 hrs followed by drug wash out measured after 48 hrs by MAGI assay,CCc1c(C(=O)c2cc(C)cc(C)c2)n(Cc2ccccc2)c(=O)[nH]c1=O,362.43
CHEMBL553,450.0,450.0,450.0,,4.0,CHEMBL379,,Hepatitis C virus,,Antiviral activity against pseudo typed HCV infected in human Huh-7.5.1 cells assessed as prevention of pseudo particle entry,C#Cc1cccc(Nc2ncnc3cc(OCCOC)c(OCCOC)cc23)c1,393.44
CHEMBL553470,6.0,6.0,6.0,,,CHEMBL378,,Human immunodeficiency virus 1,,Antiviral activity against HIV1 infected in human HeLa cells expressing CD4-LTR assessed as inhibition of viral entry-related beta galactosidase expression treated for 2 hrs followed by drug wash out measured after 48 hrs by MAGI assay,CCc1c(Oc2cc(C)cc(C)c2)n(CC2CC2)c(=O)[nH]c1=O,314.39
CHEMBL554520,250.0,250.0,250.0,,,CHEMBL378,,Human immunodeficiency virus 1,,Antiviral activity against HIV1 infected in human HeLa cells expressing CD4-LTR assessed as inhibition of viral entry-related beta galactosidase expression treated for 2 hrs followed by drug wash out measured after 48 hrs by MAGI assay,CCc1c(C(=O)c2cc(C)cc(C)c2)n(CC2CCCC2)c(=O)[nH]c1=O,354.45
CHEMBL555876,30.0,30.0,30.0,,,CHEMBL378,,Human immunodeficiency virus 1,,Antiviral activity against HIV1 infected in human HeLa cells expressing CD4-LTR assessed as inhibition of viral entry-related beta galactosidase expression treated for 2 hrs followed by drug wash out measured after 48 hrs by MAGI assay,CCc1c(Sc2cc(C)cc(C)c2)n(CCC2C=CCC2)c(=O)[nH]c1=O,370.52
CHEMBL556182,140.0,140.0,140.0,,,CHEMBL378,,Human immunodeficiency virus 1,,Antiviral activity against HIV1 infected in human HeLa cells expressing CD4-LTR assessed as inhibition of viral entry-related beta galactosidase expression treated for 2 hrs followed by drug wash out measured after 48 hrs by MAGI assay,CCc1c(Sc2cc(C)cc(C)c2)n(CC2CCCC2)c(=O)[nH]c1=O,358.51
CHEMBL556417,12.0,12.0,12.0,,,CHEMBL378,,Human immunodeficiency virus 1,,Antiviral activity against HIV1 infected in human HeLa cells expressing CD4-LTR assessed as inhibition of viral entry-related beta galactosidase expression treated for 2 hrs followed by drug wash out measured after 48 hrs by MAGI assay,Cc1cc(C)cc(C(=O)c2c(C(C)C)c(=O)[nH]c(=O)n2CC2CC2)c1,340.42
CHEMBL556483,80.0,80.0,80.0,,,CHEMBL378,,Human immunodeficiency virus 1,,Antiviral activity against HIV1 infected in human HeLa cells expressing CD4-LTR assessed as inhibition of viral entry-related beta galactosidase expression treated for 2 hrs followed by drug wash out measured after 48 hrs by MAGI assay,Cc1cc(C)cc(Sc2c(C(C)C)c(=O)[nH]c(=O)n2CC2CC=CC2)c1,370.52
CHEMBL556699,840.0,840.0,840.0,,,CHEMBL378,,Human immunodeficiency virus 1,,Antiviral activity against HIV1 infected in human HeLa cells expressing CD4-LTR assessed as inhibition of viral entry-related beta galactosidase expression treated for 2 hrs followed by drug wash out measured after 48 hrs by MAGI assay,Cc1cc(C)cc(Oc2c(C(C)C)c(=O)[nH]c(=O)n2CC2CCCCC2)c1,370.49
CHEMBL557435,2930.0,2930.0,2930.0,,,CHEMBL378,,Human immunodeficiency virus 1,,Antiviral activity against HIV1 infected in human HeLa cells expressing CD4-LTR assessed as inhibition of viral entry-related beta galactosidase expression treated for 2 hrs followed by drug wash out measured after 48 hrs by MAGI assay,CCc1c(C(=O)c2ccccc2)n(CC2CC=CC2)c(=O)[nH]c1=O,324.38
CHEMBL557439,80.0,80.0,80.0,,,CHEMBL378,,Human immunodeficiency virus 1,,Antiviral activity against HIV1 infected in human HeLa cells expressing CD4-LTR assessed as inhibition of viral entry-related beta galactosidase expression treated for 2 hrs followed by drug wash out measured after 48 hrs by MAGI assay,Cc1cc(C)cc(C(=O)c2c(C(C)C)c(=O)[nH]c(=O)n2CC2CCCC2)c1,368.48
CHEMBL557643,800.0,800.0,800.0,,,CHEMBL378,,Human immunodeficiency virus 1,,Antiviral activity against HIV1 infected in human HeLa cells expressing CD4-LTR assessed as inhibition of viral entry-related beta galactosidase expression treated for 2 hrs followed by drug wash out measured after 48 hrs by MAGI assay,CC(C)c1c(C(=O)c2ccccc2)n(CC2CC=CC2)c(=O)[nH]c1=O,338.41
CHEMBL557710,2600.0,2600.0,2600.0,,,CHEMBL378,,Human immunodeficiency virus 1,,Antiviral activity against HIV1 infected in human HeLa cells expressing CD4-LTR assessed as inhibition of viral entry-related beta galactosidase expression treated for 2 hrs followed by drug wash out measured after 48 hrs by MAGI assay,CCc1c(C(=O)c2cc(C)cc(C)c2)n(CCC2=CCCC2)c(=O)[nH]c1=O,366.46
CHEMBL558116,60.0,60.0,60.0,,,CHEMBL378,,Human immunodeficiency virus 1,,Antiviral activity against HIV1 infected in human HeLa cells expressing CD4-LTR assessed as inhibition of viral entry-related beta galactosidase expression treated for 2 hrs followed by drug wash out measured after 48 hrs by MAGI assay,CCc1c(Oc2cc(C)cc(C)c2)n(CCC2C=CCC2)c(=O)[nH]c1=O,354.45
CHEMBL5583744,1500.0,1500.0,1500.0,,,CHEMBL4434621,,Ebolavirus,,Antiviral activity against pseudotyped EBOV Mayinga infected in human A549 cells assessed as inhibition of Pseudoviral entry incubated for 40 hrs,CN(C)C1CCN(C(=O)c2cc3occc3n2Cc2cccc(C(F)(F)F)c2)CC1,419.45
CHEMBL5583751,6240.0,6240.0,6240.0,,,CHEMBL4434621,,Ebolavirus,,Antiviral activity against pseudotyped EBOV Mayinga infected in human A549 cells assessed as inhibition of Pseudoviral entry incubated for 40 hrs,O=C(NCCCn1ccnc1)c1cc2occc2n1Cc1ccc(Cl)cc1,382.85
CHEMBL5583881,1260.0,1260.0,1260.0,,,CHEMBL4434621,,Ebolavirus,,Antiviral activity against pseudotyped EBOV Mayinga infected in human A549 cells assessed as inhibition of Pseudoviral entry incubated for 40 hrs,CN(C)CCNC(=O)c1cc2occc2n1Cc1ccc(Cl)cc1,345.83
CHEMBL5583953,3100.0,4900.0,3700.0,,,CHEMBL4434621,,Ebolavirus,,Antiviral activity against HIV-based lentiviral pseudotyped Ebolavirus harboring mucin domain deleted GP infected in HEK293T cells assessed as inhibition of viral entry preincubated with virus for 1 hr followed by cell infection and measured after 48 hrs by luminescence assay,CN1CCN(CCCC(=O)O[C@H]2C(C)(C)[C@H]3CC[C@]2(C)C3)CC1,322.49
CHEMBL558404,180.0,180.0,180.0,,,CHEMBL378,,Human immunodeficiency virus 1,,Antiviral activity against HIV1 infected in human HeLa cells expressing CD4-LTR assessed as inhibition of viral entry-related beta galactosidase expression treated for 2 hrs followed by drug wash out measured after 48 hrs by MAGI assay,Cc1cc(C)cc(Oc2c(C(C)C)c(=O)[nH]c(=O)n2CC2=CCCC2)c1,354.45
CHEMBL5584120,1060.0,1060.0,1060.0,,,CHEMBL4434621,,Ebolavirus,,Antiviral activity against pseudotyped EBOV Mayinga infected in human A549 cells assessed as inhibition of Pseudoviral entry incubated for 40 hrs,CN(C)C1CCN(C(=O)c2cc3ccccc3n2Cc2ccc(-c3ccccc3)cc2)CC1,437.59
CHEMBL5584196,453.0,453.0,453.0,,,CHEMBL4434621,,Ebolavirus,,Antiviral activity against pseudotyped EBOV Mayinga infected in human A549 cells assessed as inhibition of Pseudoviral entry incubated for 40 hrs,CN(C)C1CCN(C(=O)c2cc3ccccc3n2Cc2ccc(F)cc2)CC1,379.48
CHEMBL558805,2820.0,8070.0,5445.0,,,CHEMBL4434621,,Ebolavirus,,Antiviral activity against Ebolavirus infected in human HepG2 cells assessed as reduction in virus entry after 48 hrs by Celltiter-Glo luminescent assay,CN1[C@@H]2CC[C@@H]1CC(OC(c1ccccc1)c1ccccc1)C2,307.44
CHEMBL558947,260.0,260.0,260.0,,,CHEMBL378,,Human immunodeficiency virus 1,,Antiviral activity against HIV1 infected in human HeLa cells expressing CD4-LTR assessed as inhibition of viral entry-related beta galactosidase expression treated for 2 hrs followed by drug wash out measured after 48 hrs by MAGI assay,CC(C)c1c(Oc2ccccc2)n(CC2CC=CC2)c(=O)[nH]c1=O,326.40
CHEMBL5589621,1680.0,1680.0,1680.0,,,CHEMBL4434621,,Ebolavirus,,Antiviral activity against pseudotyped EBOV Mayinga infected in human A549 cells assessed as inhibition of Pseudoviral entry incubated for 40 hrs,CN(C)CCNC(=O)c1cc2occc2n1Cc1cccc(C(F)(F)F)c1,379.38
CHEMBL5589753,3000.0,3000.0,3000.0,,,CHEMBL4434621,,Ebolavirus,,Antiviral activity against pseudotyped EBOV Mayinga infected in human A549 cells assessed as inhibition of Pseudoviral entry incubated for 40 hrs,CN(C)CCNC(=O)c1cn(Cc2ccc(F)cc2)c2ccccc12,339.41
CHEMBL5589828,3780.0,3780.0,3780.0,,,CHEMBL4296577,,Marburgvirus,,Antiviral activity against pseudotyped Marburgvirus Angola infected in human A549 cells assessed as inhibition of Pseudoviral entry incubated for 40 hrs,CN(C)C1CCN(C(=O)c2cc3ccccc3n2Cc2ccncc2)CC1,362.48
CHEMBL5589831,4320.0,4320.0,4320.0,,,CHEMBL4434621,,Ebolavirus,,Antiviral activity against pseudotyped EBOV Mayinga infected in human A549 cells assessed as inhibition of Pseudoviral entry incubated for 40 hrs,O=C(NCCCn1ccnc1)c1cc2occc2n1Cc1cccc(C(F)(F)F)c1,416.40
CHEMBL5590104,8100.0,8100.0,8100.0,,,CHEMBL4434621,,Ebolavirus,,Antiviral activity against HIV-based lentiviral pseudotyped Ebolavirus harboring mucin domain deleted GP infected in HEK293T cells assessed as inhibition of viral entry preincubated with virus for 1 hr followed by cell infection and measured after 48 hrs by luminescence assay,CCN1CCN(CCC(=O)O[C@H]2C(C)(C)[C@H]3CC[C@]2(C)C3)CC1,322.49
CHEMBL5590402,32.0,32.0,32.0,,,CHEMBL4434621,,Ebolavirus,,Antiviral activity against recombinant Ebola virus Mayinga expressing GFP infected in human HeLa cells with ATP6V0a2 KO assessed as reduction in viral entry into cells pretreated for 1 hr followed by viral infection measured after 24 to 48 hrs by imaging analysis,COc1cc2c(OC3CCNCC3)c3c(c(-c4ccc5c(c4)OCO5)c2cc1OC)C(=O)OC3,463.49
CHEMBL5590446,1900.0,7100.0,4066.7,,,CHEMBL4434621,,Ebolavirus,,Antiviral activity against HIV-based lentiviral pseudotyped Ebolavirus harboring mucin domain deleted GP infected in HEK293T cells assessed as inhibition of viral entry preincubated with virus for 1 hr followed by cell infection and measured after 48 hrs by luminescence assay,CC1(C)[C@H]2CC[C@](C)(C2)[C@H]1OC(=O)CCCN1CCCCC1,307.48
CHEMBL5590524,1230.0,1230.0,1230.0,,,CHEMBL4434621,,Ebolavirus,,Antiviral activity against pseudotyped EBOV Mayinga infected in human A549 cells assessed as inhibition of Pseudoviral entry incubated for 40 hrs,CN(C)CC1CN(C(=O)c2cc3occc3n2Cc2ccc(Cl)cc2)C1,371.87
CHEMBL5590535,3390.0,3390.0,3390.0,,,CHEMBL4434621,,Ebolavirus,,Antiviral activity against pseudotyped EBOV Mayinga infected in human A549 cells assessed as inhibition of Pseudoviral entry incubated for 40 hrs,CN(C)CCNC(=O)c1cc2ccccc2n1Cc1ccc(F)cc1,339.41
CHEMBL5590637,318.0,318.0,318.0,,,CHEMBL4434621,,Ebolavirus,,Antiviral activity against recombinant Ebola virus Mayinga expressing GFP infected in human HeLa cells with ATP6V0a2 KO assessed as reduction in viral entry into cells pretreated for 1 hr followed by viral infection measured after 24 to 48 hrs by imaging analysis,COc1cc2c(OC3COC3)c3c(c(-c4ccc5c(c4)OCO5)c2cc1OC)C(=O)OC3,436.42
CHEMBL5590772,1110.0,1110.0,1110.0,,,CHEMBL4434621,,Ebolavirus,,Antiviral activity against pseudotyped EBOV Mayinga infected in human A549 cells assessed as inhibition of Pseudoviral entry incubated for 40 hrs,CN(C)C1CCN(C(=O)c2cccn2Cc2ccccc2)CC1,311.43
CHEMBL5590879,37.0,37.0,37.0,,,CHEMBL4434621,,Ebolavirus,,Antiviral activity against recombinant Ebola virus Mayinga expressing GFP infected in human HeLa cells with ATP6V0a2 KO assessed as reduction in viral entry into cells pretreated for 1 hr followed by viral infection measured after 24 to 48 hrs by imaging analysis,COc1cc2c(OCCCC#N)c3c(c(-c4ccc5c(c4)OCO5)c2cc1OC)C(=O)OC3,447.44
CHEMBL5591223,1860.0,1860.0,1860.0,,,CHEMBL4434621,,Ebolavirus,,Antiviral activity against pseudotyped EBOV Mayinga infected in human A549 cells assessed as inhibition of Pseudoviral entry incubated for 40 hrs,CN1CCN(CCCNC(=O)c2cc3occc3n2Cc2ccc(Cl)cc2)CC1,414.94
CHEMBL5591328,543.0,543.0,543.0,,,CHEMBL4434621,,Ebolavirus,,Antiviral activity against pseudotyped EBOV Mayinga infected in human A549 cells assessed as inhibition of Pseudoviral entry incubated for 40 hrs,COc1ccc(Cn2c(C(=O)N3CCC(N(C)C)CC3)cc3ccccc32)cc1,391.52
CHEMBL5591441,7800.0,7800.0,7800.0,,,CHEMBL4434621,,Ebolavirus,,Antiviral activity against HIV-based lentiviral pseudotyped Ebolavirus harboring mucin domain deleted GP infected in HEK293T cells assessed as inhibition of viral entry preincubated with virus for 1 hr followed by cell infection and measured after 48 hrs by luminescence assay,C[C@@H]1[C@H]2C[C@@H](C[C@H]1OC(=O)CCCN1CCN(c3ccccc3)CC1)C2(C)C,384.56
CHEMBL5591525,1380.0,1380.0,1380.0,,,CHEMBL4434621,,Ebolavirus,,Antiviral activity against pseudotyped EBOV Mayinga infected in human A549 cells assessed as inhibition of Pseudoviral entry incubated for 40 hrs,CN(C)C1CCN(C(=O)c2cc3ccccc3n2Cc2ccc(Cl)cc2)CC1,395.93
CHEMBL5591685,4900.0,5500.0,5200.0,,,CHEMBL4434621,,Ebolavirus,,Antiviral activity against HIV-based lentiviral pseudotyped Ebolavirus harboring mucin domain deleted GP infected in HEK293T cells assessed as inhibition of viral entry preincubated with virus for 1 hr followed by cell infection and measured after 48 hrs by luminescence assay,C[C@@H]1[C@H]2C[C@@H](C[C@H]1OC(=O)CCN1CCN(C)CC1)C2(C)C,308.47
CHEMBL5591747,900.0,5300.0,2866.7,,,CHEMBL4434621,,Ebolavirus,,Antiviral activity against HIV-based lentiviral pseudotyped Ebolavirus harboring mucin domain deleted GP infected in HEK293T cells assessed as inhibition of viral entry preincubated with virus for 1 hr followed by cell infection and measured after 48 hrs by luminescence assay,CCN1CCN(CCCC(=O)O[C@H]2C(C)(C)[C@H]3CC[C@]2(C)C3)CC1,336.52
CHEMBL5591817,2840.0,2840.0,2840.0,,,CHEMBL4434621,,Ebolavirus,,Antiviral activity against pseudotyped EBOV Mayinga infected in human A549 cells assessed as inhibition of Pseudoviral entry incubated for 40 hrs,CN(C)C1CCN(C(=O)c2cn(Cc3ccccc3)c3ccccc23)CC1,361.49
CHEMBL5591841,550.0,550.0,550.0,,,CHEMBL4434621,,Ebolavirus,,Antiviral activity against pseudotyped EBOV Mayinga infected in human A549 cells assessed as inhibition of Pseudoviral entry incubated for 40 hrs,CN(C)C1CCN(C(=O)c2cc3ccccc3n2Cc2ccccc2)CC1,361.49
CHEMBL559205,110.0,110.0,110.0,,,CHEMBL378,,Human immunodeficiency virus 1,,Antiviral activity against HIV1 infected in human HeLa cells expressing CD4-LTR assessed as inhibition of viral entry-related beta galactosidase expression treated for 2 hrs followed by drug wash out measured after 48 hrs by MAGI assay,CCc1c(C(=O)c2cc(C)cc(C)c2)n(CC2=CCCC2)c(=O)[nH]c1=O,352.43
CHEMBL5592531,1610.0,1610.0,1610.0,,,CHEMBL4434621,,Ebolavirus,,Antiviral activity against pseudotyped EBOV Mayinga infected in human A549 cells assessed as inhibition of Pseudoviral entry incubated for 40 hrs,CCN(CC)CCNC(=O)c1cc2occc2n1Cc1ccc(Cl)cc1,373.88
CHEMBL5592622,4800.0,6800.0,5800.0,,,CHEMBL4434621,,Ebolavirus,,Antiviral activity against HIV-based lentiviral pseudotyped Ebolavirus harboring mucin domain deleted GP infected in HEK293T cells assessed as inhibition of viral entry preincubated with virus for 1 hr followed by cell infection and measured after 48 hrs by luminescence assay,C[C@@H]1[C@H]2C[C@@H](C[C@H]1OC(=O)CN1CCN(C)CC1)C2(C)C,294.44
CHEMBL5592638,9000.0,9000.0,9000.0,,,CHEMBL4434621,,Ebolavirus,,Antiviral activity against HIV-based lentiviral pseudotyped Ebolavirus harboring mucin domain deleted GP infected in HEK293T cells assessed as inhibition of viral entry preincubated with virus for 1 hr followed by cell infection and measured after 48 hrs by luminescence assay,C[C@@H]1[C@H]2C[C@@H](C[C@H]1OC(=O)CN1CCN(c3ccccc3)CC1)C2(C)C,356.51
CHEMBL5592829,8110.0,8110.0,8110.0,,,CHEMBL4434621,,Ebolavirus,,Antiviral activity against pseudotyped EBOV Mayinga infected in human A549 cells assessed as inhibition of Pseudoviral entry incubated for 40 hrs,CN(C)CCNC(=O)c1cc2occc2n1C(=O)OCc1ccccc1,355.39
CHEMBL5592919,4160.0,4160.0,4160.0,,,CHEMBL4434621,,Ebolavirus,,Antiviral activity against pseudotyped EBOV Mayinga infected in human A549 cells assessed as inhibition of Pseudoviral entry incubated for 40 hrs,CN1CCCN(C(=O)c2cc3sccc3n2Cc2ccc(Cl)cc2)CC1,387.94
CHEMBL5592940,540.0,540.0,540.0,,,CHEMBL4434621,,Ebolavirus,,Antiviral activity against HIV-based lentiviral pseudotyped Ebolavirus harboring mucin domain deleted GP infected in HEK293T cells assessed as inhibition of viral entry preincubated with virus for 1 hr followed by cell infection and measured after 48 hrs by luminescence assay,CC1(C)[C@H]2CC[C@](C)(C2)[C@H]1OC(=O)CCCN1CCN(c2ccccc2)CC1,384.56
CHEMBL5592964,7300.0,7300.0,7300.0,,,CHEMBL4296577,,Marburgvirus,,Antiviral activity against HIV-based lentiviral pseudotyped Marburgvirus harboring mucin domain deleted GP infected in HEK293T cells assessed as inhibition of viral entry preincubated with virus for 1 hr followed by cell infection and measured after 48 hrs by luminescence assay,CC1(C)[C@H]2CC[C@](C)(C2)[C@H]1OC(=O)CCN1CCN(c2ccccc2)CC1,370.54
CHEMBL5592994,1600.0,9100.0,5500.0,,,CHEMBL4434621,,Ebolavirus,,Antiviral activity against HIV-based lentiviral pseudotyped Ebolavirus harboring mucin domain deleted GP infected in HEK293T cells assessed as inhibition of viral entry preincubated with virus for 1 hr followed by cell infection and measured after 48 hrs by luminescence assay,CCN1CCN(CC(=O)O[C@H]2C(C)(C)[C@H]3CC[C@]2(C)C3)CC1,308.47
CHEMBL5593065,2540.0,2540.0,2540.0,,,CHEMBL4434621,,Ebolavirus,,Antiviral activity against pseudotyped EBOV Mayinga infected in human A549 cells assessed as inhibition of Pseudoviral entry incubated for 40 hrs,CN(C)C1CCN(C(=O)c2cn(Cc3ccc(F)cc3)c3ccccc23)CC1,379.48
CHEMBL5593153,1050.0,1050.0,1050.0,,,CHEMBL4434621,,Ebolavirus,,Antiviral activity against pseudotyped EBOV Mayinga infected in human A549 cells assessed as inhibition of Pseudoviral entry incubated for 40 hrs,CN(C)C1CCN(C(=O)c2cc3occc3n2Cc2ccc(Cl)cc2)CC1,385.90
CHEMBL5593168,5840.0,5840.0,5840.0,,,CHEMBL4434621,,Ebolavirus,,Antiviral activity against pseudotyped EBOV Mayinga infected in human A549 cells assessed as inhibition of Pseudoviral entry incubated for 40 hrs,CC(C)N1CCN(C(=O)c2cc3sccc3n2Cc2ccc(Cl)cc2)CC1,401.96
CHEMBL5593252,2620.0,2620.0,2620.0,,,CHEMBL4434621,,Ebolavirus,,Antiviral activity against pseudotyped EBOV Mayinga infected in human A549 cells assessed as inhibition of Pseudoviral entry incubated for 40 hrs,CN(C)CCNC(=O)c1cc2occc2n1Cc1ccc(F)cc1,329.38
CHEMBL5593540,3930.0,3930.0,3930.0,,,CHEMBL4434621,,Ebolavirus,,Antiviral activity against pseudotyped EBOV Mayinga infected in human A549 cells assessed as inhibition of Pseudoviral entry incubated for 40 hrs,CN(C)C1CCN(C(=O)c2cc3occc3n2Cc2ccc(F)cc2)CC1,369.44
CHEMBL5593581,5300.0,5300.0,5300.0,,,CHEMBL4434621,,Ebolavirus,,Antiviral activity against pseudotyped EBOV Mayinga infected in human A549 cells assessed as inhibition of Pseudoviral entry incubated for 40 hrs,CN(C)C1CCN(C(=O)c2cc3ccccc3n2Cc2cccnc2)CC1,362.48
CHEMBL5593688,2740.0,2740.0,2740.0,,,CHEMBL4434621,,Ebolavirus,,Antiviral activity against pseudotyped EBOV Mayinga infected in human A549 cells assessed as inhibition of Pseudoviral entry incubated for 40 hrs,CN(C)CCNC(=O)c1cc2ccccc2n1Cc1ccccc1,321.42
CHEMBL5593695,3900.0,3900.0,3900.0,,,CHEMBL4434621,,Ebolavirus,,Antiviral activity against HIV-based lentiviral pseudotyped Ebolavirus harboring mucin domain deleted GP infected in HEK293T cells assessed as inhibition of viral entry preincubated with virus for 1 hr followed by cell infection and measured after 48 hrs by luminescence assay,CC1CCN(CCC(=O)O[C@H]2C(C)(C)[C@H]3CC[C@]2(C)C3)CC1,307.48
CHEMBL5593892,2010.0,2010.0,2010.0,,,CHEMBL4434621,,Ebolavirus,,Antiviral activity against pseudotyped EBOV Mayinga infected in human A549 cells assessed as inhibition of Pseudoviral entry incubated for 40 hrs,CN(C)CCCNC(=O)c1cc2occc2n1Cc1ccc(Cl)cc1,359.86
CHEMBL5593948,3280.0,3280.0,3280.0,,,CHEMBL4434621,,Ebolavirus,,Antiviral activity against pseudotyped EBOV Mayinga infected in human A549 cells assessed as inhibition of Pseudoviral entry incubated for 40 hrs,CN(C)CCNC(=O)c1cn(Cc2ccccc2)c2ccccc12,321.42
CHEMBL5593990,6500.0,6500.0,6500.0,,,CHEMBL4434621,,Ebolavirus,,Antiviral activity against HIV-based lentiviral pseudotyped Ebolavirus harboring mucin domain deleted GP infected in HEK293T cells assessed as inhibition of viral entry preincubated with virus for 1 hr followed by cell infection and measured after 48 hrs by luminescence assay,CC1(C)[C@H]2CC[C@](C)(C2)[C@H]1OC(=O)CCCN1CCOCC1,309.45
CHEMBL5594107,3430.0,3430.0,3430.0,,,CHEMBL4434621,,Ebolavirus,,Antiviral activity against pseudotyped EBOV Mayinga infected in human A549 cells assessed as inhibition of Pseudoviral entry incubated for 40 hrs,CC(C)N1CCN(C(=O)c2cc3occc3n2Cc2cccc(C(F)(F)F)c2)CC1,419.45
CHEMBL5594239,1680.0,1680.0,1680.0,,,CHEMBL4434621,,Ebolavirus,,Antiviral activity against pseudotyped EBOV Mayinga infected in human A549 cells assessed as inhibition of Pseudoviral entry incubated for 40 hrs,CN(C)C1CCN(C(=O)c2cc3occc3n2C(=O)OCc2ccccc2)CC1,395.46
CHEMBL5594263,2430.0,2430.0,2430.0,,,CHEMBL4434621,,Ebolavirus,,Antiviral activity against pseudotyped EBOV Mayinga infected in human A549 cells assessed as inhibition of Pseudoviral entry incubated for 40 hrs,CCOc1ncc(NC(=O)c2cc3occc3n2Cc2ccc(Cl)cc2)cc1F,413.84
CHEMBL5594325,1900.0,1900.0,1900.0,,,CHEMBL4434621,,Ebolavirus,,Antiviral activity against pseudotyped EBOV Mayinga infected in human A549 cells assessed as inhibition of Pseudoviral entry incubated for 40 hrs,CN(C)CCNC(=O)c1cc2occc2n1Cc1ccc(Cl)c(C(F)(F)F)c1,413.83
CHEMBL5594358,9110.0,9110.0,9110.0,,,CHEMBL4434621,,Ebolavirus,,Antiviral activity against pseudotyped EBOV Mayinga infected in human A549 cells assessed as inhibition of Pseudoviral entry incubated for 40 hrs,O=C(c1cc2ccccc2n1Cc1ccccc1)N1CCCCC1,318.42
CHEMBL5594413,4510.0,4510.0,4510.0,,,CHEMBL4434621,,Ebolavirus,,Antiviral activity against pseudotyped EBOV Mayinga infected in human A549 cells assessed as inhibition of Pseudoviral entry incubated for 40 hrs,CN(C)CCNC(=O)c1cc2occc2n1Cc1ccccc1,311.38
CHEMBL5594429,295.0,295.0,295.0,,,CHEMBL4434621,,Ebolavirus,,Antiviral activity against pseudotyped EBOV Mayinga infected in human A549 cells assessed as inhibition of Pseudoviral entry incubated for 40 hrs,CN(C)C1CCN(C(=O)c2cc3ccccc3n2CC2CCCCC2)CC1,367.54
CHEMBL5594558,5800.0,5800.0,5800.0,,,CHEMBL4434621,,Ebolavirus,,Antiviral activity against HIV-based lentiviral pseudotyped Ebolavirus harboring mucin domain deleted GP infected in HEK293T cells assessed as inhibition of viral entry preincubated with virus for 1 hr followed by cell infection and measured after 48 hrs by luminescence assay,CC1(C)[C@H]2CC[C@](C)(C2)[C@H]1OC(=O)CN1CCN(c2ccccc2)CC1,356.51
CHEMBL5594623,2800.0,2800.0,2800.0,,,CHEMBL4434621,,Ebolavirus,,Antiviral activity against HIV-based lentiviral pseudotyped Ebolavirus harboring mucin domain deleted GP infected in HEK293T cells assessed as inhibition of viral entry preincubated with virus for 1 hr followed by cell infection and measured after 48 hrs by luminescence assay,C[C@@H]1[C@H]2C[C@@H](C[C@H]1OC(=O)CCCN1CCN(C)CC1)C2(C)C,322.49
CHEMBL559468,70.0,70.0,70.0,,,CHEMBL378,,Human immunodeficiency virus 1,,Antiviral activity against HIV1 infected in human HeLa cells expressing CD4-LTR assessed as inhibition of viral entry-related beta galactosidase expression treated for 2 hrs followed by drug wash out measured after 48 hrs by MAGI assay,CCc1c(C(=O)c2cc(C)cc(C)c2)n(CC2CC=CC2)c(=O)[nH]c1=O,352.43
CHEMBL5594836,899.0,899.0,899.0,,,CHEMBL4434621,,Ebolavirus,,Antiviral activity against pseudotyped EBOV Mayinga infected in human A549 cells assessed as inhibition of Pseudoviral entry incubated for 40 hrs,CN(C)C1CCN(C(=O)c2cc3sccc3n2Cc2ccc(Cl)cc2)CC1,401.96
CHEMBL5594941,2770.0,2770.0,2770.0,,,CHEMBL4434621,,Ebolavirus,,Antiviral activity against pseudotyped EBOV Mayinga infected in human A549 cells assessed as inhibition of Pseudoviral entry incubated for 40 hrs,CN(C)CCNC(=O)c1cc2ccccc2n1Cc1ccc(-c2ccccc2)cc1,397.52
CHEMBL5595103,2170.0,2170.0,2170.0,,,CHEMBL4434621,,Ebolavirus,,Antiviral activity against pseudotyped EBOV Mayinga infected in human A549 cells assessed as inhibition of Pseudoviral entry incubated for 40 hrs,CN(C)CCNC(=O)c1cc2sccc2n1Cc1ccc(Cl)cc1,361.90
CHEMBL5595146,4000.0,4000.0,4000.0,,,CHEMBL4434621,,Ebolavirus,,Antiviral activity against HIV-based lentiviral pseudotyped Ebolavirus harboring mucin domain deleted GP infected in HEK293T cells assessed as inhibition of viral entry preincubated with virus for 1 hr followed by cell infection and measured after 48 hrs by luminescence assay,C[C@@H]1[C@H]2C[C@@H](C[C@H]1OC(=O)CCCN1CCCCC1)C2(C)C,307.48
CHEMBL5595187,1730.0,1730.0,1730.0,,,CHEMBL4434621,,Ebolavirus,,Antiviral activity against pseudotyped EBOV Mayinga infected in human A549 cells assessed as inhibition of Pseudoviral entry incubated for 40 hrs,CN1CCCN(C(=O)c2cc3occc3n2Cc2cccc(C(F)(F)F)c2)CC1,405.42
CHEMBL5595241,1410.0,1410.0,1410.0,,,CHEMBL4434621,,Ebolavirus,,Antiviral activity against pseudotyped EBOV Mayinga infected in human A549 cells assessed as inhibition of Pseudoviral entry incubated for 40 hrs,CN1CCCN(C(=O)c2cc3occc3n2Cc2ccc(Cl)cc2)CC1,371.87
CHEMBL559529,80.0,80.0,80.0,,,CHEMBL378,,Human immunodeficiency virus 1,,Antiviral activity against HIV1 infected in human HeLa cells expressing CD4-LTR assessed as inhibition of viral entry-related beta galactosidase expression treated for 2 hrs followed by drug wash out measured after 48 hrs by MAGI assay,CCc1c(Oc2cc(C)cc(C)c2)n(Cc2ccccc2)c(=O)[nH]c1=O,350.42
CHEMBL5595489,3490.0,3490.0,3490.0,,,CHEMBL4434621,,Ebolavirus,,Antiviral activity against pseudotyped EBOV Mayinga infected in human A549 cells assessed as inhibition of Pseudoviral entry incubated for 40 hrs,CN(C)CCNC(=O)c1cc2ccccc2n1Cc1ccc(Cl)cc1,355.87
CHEMBL5595813,1940.0,1940.0,1940.0,,,CHEMBL4434621,,Ebolavirus,,Antiviral activity against pseudotyped EBOV Mayinga infected in human A549 cells assessed as inhibition of Pseudoviral entry incubated for 40 hrs,O=C(NCCN1CCC1)c1cc2occc2n1Cc1cccc(C(F)(F)F)c1,391.39
CHEMBL5596273,651.0,651.0,651.0,,,CHEMBL4434621,,Ebolavirus,,Antiviral activity against recombinant Ebola virus Mayinga expressing GFP infected in human HeLa cells with ATP6V0a2 KO assessed as reduction in viral entry into cells pretreated for 1 hr followed by viral infection measured after 24 to 48 hrs by imaging analysis,COc1cc2c(OCCN3CCOCC3)c3c(c(-c4ccc5c(c4)OCO5)c2cc1OC)C(=O)OC3,493.51
CHEMBL5596482,124.0,124.0,124.0,,,CHEMBL4434621,,Ebolavirus,,Antiviral activity against recombinant Ebola virus Mayinga expressing GFP infected in human HeLa cells with ATP6V0a2 KO assessed as reduction in viral entry into cells pretreated for 1 hr followed by viral infection measured after 24 to 48 hrs by imaging analysis,COc1cc2c(OC3CCOCC3)c3c(c(-c4ccc5c(c4)OCO5)c2cc1OC)C(=O)OC3,464.47
CHEMBL5596535,182.0,182.0,182.0,,,CHEMBL4434621,,Ebolavirus,,Antiviral activity against recombinant Ebola virus Mayinga expressing GFP infected in human HeLa cells with ATP6V0a2 KO assessed as reduction in viral entry into cells pretreated for 1 hr followed by viral infection measured after 24 to 48 hrs by imaging analysis,COc1cc2c(OCC#N)c3c(c(-c4ccc5c(c4)OCO5)c2cc1OC)C(=O)OC3,419.39
CHEMBL5596788,40.0,40.0,40.0,,,CHEMBL4434621,,Ebolavirus,,Antiviral activity against recombinant Ebola virus Mayinga expressing GFP infected in human HeLa cells with ATP6V0a2 KO assessed as reduction in viral entry into cells pretreated for 1 hr followed by viral infection measured after 24 to 48 hrs by imaging analysis,COc1cc2c(OC3CCOC3)c3c(c(-c4ccc5c(c4)OCO5)c2cc1OC)C(=O)OC3,450.44
CHEMBL5597260,214.0,214.0,214.0,,,CHEMBL4434621,,Ebolavirus,,Antiviral activity against recombinant Ebola virus Mayinga expressing GFP infected in human HeLa cells with ATP6V0a2 KO assessed as reduction in viral entry into cells pretreated for 1 hr followed by viral infection measured after 24 to 48 hrs by imaging analysis,COc1cc2c(OC3CNC3)c3c(c(-c4ccc5c(c4)OCO5)c2cc1OC)C(=O)OC3,435.43
CHEMBL559788,9.0,9.0,9.0,,,CHEMBL378,,Human immunodeficiency virus 1,,Antiviral activity against HIV1 infected in human HeLa cells expressing CD4-LTR assessed as inhibition of viral entry-related beta galactosidase expression treated for 2 hrs followed by drug wash out measured after 48 hrs by MAGI assay,Cc1cc(C)cc(Oc2c(C(C)C)c(=O)[nH]c(=O)n2CCC2C=CCC2)c1,368.48
CHEMBL5598529,86.0,86.0,86.0,,,CHEMBL4434621,,Ebolavirus,,Antiviral activity against recombinant Ebola virus Mayinga expressing GFP infected in human HeLa cells with ATP6V0a2 KO assessed as reduction in viral entry into cells pretreated for 1 hr followed by viral infection measured after 24 to 48 hrs by imaging analysis,COc1cc2c(OC3CCNC3)c3c(c(-c4ccc5c(c4)OCO5)c2cc1OC)C(=O)OC3,449.46
CHEMBL559864,30.0,30.0,30.0,,,CHEMBL378,,Human immunodeficiency virus 1,,Antiviral activity against HIV1 infected in human HeLa cells expressing CD4-LTR assessed as inhibition of viral entry-related beta galactosidase expression treated for 2 hrs followed by drug wash out measured after 48 hrs by MAGI assay,CCc1c(Sc2cc(C)cc(C)c2)n(CCC2=CCCC2)c(=O)[nH]c1=O,370.52
CHEMBL559924,9.0,9.0,9.0,,,CHEMBL378,,Human immunodeficiency virus 1,,Antiviral activity against HIV1 infected in human HeLa cells expressing CD4-LTR assessed as inhibition of viral entry-related beta galactosidase expression treated for 2 hrs followed by drug wash out measured after 48 hrs by MAGI assay,Cc1cc(C)cc(C(=O)c2c(C(C)C)c(=O)[nH]c(=O)n2CC2=CCCC2)c1,366.46
CHEMBL560180,50.0,50.0,50.0,,,CHEMBL378,,Human immunodeficiency virus 1,,Antiviral activity against HIV1 infected in human HeLa cells expressing CD4-LTR assessed as inhibition of viral entry-related beta galactosidase expression treated for 2 hrs followed by drug wash out measured after 48 hrs by MAGI assay,Cc1cc(C)cc(C(=O)c2c(C(C)C)c(=O)[nH]c(=O)n2CCC2C=CCC2)c1,380.49
CHEMBL560259,30.0,30.0,30.0,,,CHEMBL378,,Human immunodeficiency virus 1,,Antiviral activity against HIV1 infected in human HeLa cells expressing CD4-LTR assessed as inhibition of viral entry-related beta galactosidase expression treated for 2 hrs followed by drug wash out measured after 48 hrs by MAGI assay,Cc1cc(C)cc(C(=O)c2c(C(C)C)c(=O)[nH]c(=O)n2CCC2=CCCC2)c1,380.49
CHEMBL560576,240.0,240.0,240.0,,,CHEMBL378,,Human immunodeficiency virus 1,,Antiviral activity against HIV1 infected in human HeLa cells expressing CD4-LTR assessed as inhibition of viral entry-related beta galactosidase expression treated for 2 hrs followed by drug wash out measured after 48 hrs by MAGI assay,Cc1cc(C)cc(C(=O)c2c(C(C)C)c(=O)[nH]c(=O)n2CC2CCCCC2)c1,382.50
CHEMBL560783,9.0,9.0,9.0,,,CHEMBL378,,Human immunodeficiency virus 1,,Antiviral activity against HIV1 infected in human HeLa cells expressing CD4-LTR assessed as inhibition of viral entry-related beta galactosidase expression treated for 2 hrs followed by drug wash out measured after 48 hrs by MAGI assay,CCc1c(Sc2cc(C)cc(C)c2)n(CC2CC2)c(=O)[nH]c1=O,330.45
CHEMBL560856,2240.0,2240.0,2240.0,,,CHEMBL378,,Human immunodeficiency virus 1,,Antiviral activity against HIV1 infected in human HeLa cells expressing CD4-LTR assessed as inhibition of viral entry-related beta galactosidase expression treated for 2 hrs followed by drug wash out measured after 48 hrs by MAGI assay,Cc1cc(C)cc(Oc2c(C(C)C)c(=O)[nH]c(=O)n2CCC2CC=CC2)c1,368.48
CHEMBL561108,200.0,200.0,200.0,,,CHEMBL612545,,Unchecked,,Inhibition of JUNV envelope glycoprotein-mediated late endosomal pH-dependent membrane fusion by cell-cell fusion reporter assay,COc1ccc(CN2C(=O)CN(C(=O)c3cc4ccccc4s3)CC2CCc2ccccc2)cc1,484.62
CHEMBL561783,90.0,90.0,90.0,,,CHEMBL378,,Human immunodeficiency virus 1,,Antiviral activity against HIV1 infected in human HeLa cells expressing CD4-LTR assessed as inhibition of viral entry-related beta galactosidase expression treated for 2 hrs followed by drug wash out measured after 48 hrs by MAGI assay,CCc1c(Oc2cc(C)cc(C)c2)n(CC2CC=CC2)c(=O)[nH]c1=O,340.42
CHEMBL561784,90.0,90.0,90.0,,,CHEMBL378,,Human immunodeficiency virus 1,,Antiviral activity against HIV1 infected in human HeLa cells expressing CD4-LTR assessed as inhibition of viral entry-related beta galactosidase expression treated for 2 hrs followed by drug wash out measured after 48 hrs by MAGI assay,Cc1cc(C)cc(Oc2c(C(C)C)c(=O)[nH]c(=O)n2CC2CC=CC2)c1,354.45
CHEMBL561785,710.0,710.0,710.0,,,CHEMBL378,,Human immunodeficiency virus 1,,Antiviral activity against HIV1 infected in human HeLa cells expressing CD4-LTR assessed as inhibition of viral entry-related beta galactosidase expression treated for 2 hrs followed by drug wash out measured after 48 hrs by MAGI assay,Cc1cc(C)cc(C(=O)c2cc(=O)[nH]c(=O)n2CC2CC=CC2)c1,324.38
CHEMBL561859,1190.0,1190.0,1190.0,,,CHEMBL378,,Human immunodeficiency virus 1,,Antiviral activity against HIV1 infected in human HeLa cells expressing CD4-LTR assessed as inhibition of viral entry-related beta galactosidase expression treated for 2 hrs followed by drug wash out measured after 48 hrs by MAGI assay,CC(C)c1c(Sc2ccccc2)n(CC2CC=CC2)c(=O)[nH]c1=O,342.46
CHEMBL561923,1250.0,1250.0,1250.0,,,CHEMBL378,,Human immunodeficiency virus 1,,Antiviral activity against HIV1 infected in human HeLa cells expressing CD4-LTR assessed as inhibition of viral entry-related beta galactosidase expression treated for 2 hrs followed by drug wash out measured after 48 hrs by MAGI assay,CCc1c(C(=O)c2cc(C)cc(C)c2)n(CCC2CC=CC2)c(=O)[nH]c1=O,366.46
CHEMBL561982,410.0,410.0,410.0,,,CHEMBL378,,Human immunodeficiency virus 1,,Antiviral activity against HIV1 infected in human HeLa cells expressing CD4-LTR assessed as inhibition of viral entry-related beta galactosidase expression treated for 2 hrs followed by drug wash out measured after 48 hrs by MAGI assay,Cc1cc(C)cc(C(=O)c2c(C(C)C)c(=O)[nH]c(=O)n2CC2CC=CC2)c1,366.46
CHEMBL562061,270.0,270.0,270.0,,,CHEMBL378,,Human immunodeficiency virus 1,,Antiviral activity against HIV1 infected in human HeLa cells expressing CD4-LTR assessed as inhibition of viral entry-related beta galactosidase expression treated for 2 hrs followed by drug wash out measured after 48 hrs by MAGI assay,Cc1cc(C)cc(Sc2c(C(C)C)c(=O)[nH]c(=O)n2CC2CCCC2)c1,372.53
CHEMBL562567,200.0,200.0,200.0,,,CHEMBL612545,,Unchecked,,Inhibition of JUNV envelope glycoprotein-mediated late endosomal pH-dependent membrane fusion by cell-cell fusion reporter assay,Cc1ccc(CN2C(=O)CN(C(=O)c3cc4ccccc4o3)CC2Cc2ccccc2)cc1,438.53
CHEMBL562570,9.0,9.0,9.0,,,CHEMBL378,,Human immunodeficiency virus 1,,Antiviral activity against HIV1 infected in human HeLa cells expressing CD4-LTR assessed as inhibition of viral entry-related beta galactosidase expression treated for 2 hrs followed by drug wash out measured after 48 hrs by MAGI assay,Cc1cc(C)cc(Oc2c(C(C)C)c(=O)[nH]c(=O)n2Cc2ccccc2)c1,364.45
CHEMBL562588,280.0,280.0,280.0,,,CHEMBL378,,Human immunodeficiency virus 1,,Antiviral activity against HIV1 infected in human HeLa cells expressing CD4-LTR assessed as inhibition of viral entry-related beta galactosidase expression treated for 2 hrs followed by drug wash out measured after 48 hrs by MAGI assay,Cc1cc(C)cc(Sc2c(C(C)C)c(=O)[nH]c(=O)n2CC2CCC2)c1,358.51
CHEMBL562602,20.0,20.0,20.0,,,CHEMBL378,,Human immunodeficiency virus 1,,Antiviral activity against HIV1 infected in human HeLa cells expressing CD4-LTR assessed as inhibition of viral entry-related beta galactosidase expression treated for 2 hrs followed by drug wash out measured after 48 hrs by MAGI assay,CCc1c(C(=O)c2cc(C)cc(C)c2)n(CCC2CCCC2)c(=O)[nH]c1=O,368.48
CHEMBL562787,9.0,9.0,9.0,,,CHEMBL378,,Human immunodeficiency virus 1,,Antiviral activity against HIV1 infected in human HeLa cells expressing CD4-LTR assessed as inhibition of viral entry-related beta galactosidase expression treated for 2 hrs followed by drug wash out measured after 48 hrs by MAGI assay,Cc1cc(C)cc(Sc2c(C(C)C)c(=O)[nH]c(=O)n2CCC2C=CCC2)c1,384.55
CHEMBL562879,60.0,60.0,60.0,,,CHEMBL378,,Human immunodeficiency virus 1,,Antiviral activity against HIV1 infected in human HeLa cells expressing CD4-LTR assessed as inhibition of viral entry-related beta galactosidase expression treated for 2 hrs followed by drug wash out measured after 48 hrs by MAGI assay,Cc1cc(C)cc(C(=O)c2c(C(C)C)c(=O)[nH]c(=O)n2CC2CCC2)c1,354.45
CHEMBL563010,80.0,80.0,80.0,,,CHEMBL378,,Human immunodeficiency virus 1,,Antiviral activity against HIV1 infected in human HeLa cells expressing CD4-LTR assessed as inhibition of viral entry-related beta galactosidase expression treated for 2 hrs followed by drug wash out measured after 48 hrs by MAGI assay,Cc1cc(C)cc(Sc2c(C(C)C)c(=O)[nH]c(=O)n2CCC2CC=CC2)c1,384.55
CHEMBL563355,180.0,180.0,180.0,,,CHEMBL378,,Human immunodeficiency virus 1,,Antiviral activity against HIV1 infected in human HeLa cells expressing CD4-LTR assessed as inhibition of viral entry-related beta galactosidase expression treated for 2 hrs followed by drug wash out measured after 48 hrs by MAGI assay,CCc1c(Sc2cc(C)cc(C)c2)n(Cc2ccccc2)c(=O)[nH]c1=O,366.49
CHEMBL563418,150.0,150.0,150.0,,,CHEMBL378,,Human immunodeficiency virus 1,,Antiviral activity against HIV1 infected in human HeLa cells expressing CD4-LTR assessed as inhibition of viral entry-related beta galactosidase expression treated for 2 hrs followed by drug wash out measured after 48 hrs by MAGI assay,CCc1c(Oc2ccccc2)n(CC2CC=CC2)c(=O)[nH]c1=O,312.37
CHEMBL563459,6.0,6.0,6.0,,,CHEMBL378,,Human immunodeficiency virus 1,,Antiviral activity against HIV1 infected in human HeLa cells expressing CD4-LTR assessed as inhibition of viral entry-related beta galactosidase expression treated for 2 hrs followed by drug wash out measured after 48 hrs by MAGI assay,CCc1c(C(=O)c2cc(C)cc(C)c2)n(CC2CC2)c(=O)[nH]c1=O,326.40
CHEMBL563562,2700.0,2700.0,2700.0,,,CHEMBL378,,Human immunodeficiency virus 1,,Antiviral activity against HIV1 infected in human HeLa cells expressing CD4-LTR assessed as inhibition of viral entry-related beta galactosidase expression treated for 2 hrs followed by drug wash out measured after 48 hrs by MAGI assay,Cc1cc(C)cc(Oc2c(C(C)C)c(=O)[nH]c(=O)n2CCC2=CCCC2)c1,368.48
CHEMBL563690,680.0,680.0,680.0,,,CHEMBL378,,Human immunodeficiency virus 1,,Antiviral activity against HIV1 infected in human HeLa cells expressing CD4-LTR assessed as inhibition of viral entry-related beta galactosidase expression treated for 2 hrs followed by drug wash out measured after 48 hrs by MAGI assay,Cc1cc(C)cc(C(=O)c2c(C)c(=O)[nH]c(=O)n2CC2CC=CC2)c1,338.41
CHEMBL563829,300.0,300.0,300.0,,,CHEMBL378,,Human immunodeficiency virus 1,,Antiviral activity against HIV1 infected in human HeLa cells expressing CD4-LTR assessed as inhibition of viral entry-related beta galactosidase expression treated for 2 hrs followed by drug wash out measured after 48 hrs by MAGI assay,CCc1c(Oc2cc(C)cc(C)c2)n(CC2CCC2)c(=O)[nH]c1=O,328.41
CHEMBL564061,90.0,90.0,90.0,,,CHEMBL378,,Human immunodeficiency virus 1,,Antiviral activity against HIV1 infected in human HeLa cells expressing CD4-LTR assessed as inhibition of viral entry-related beta galactosidase expression treated for 2 hrs followed by drug wash out measured after 48 hrs by MAGI assay,CCc1c(Sc2cc(C)cc(C)c2)n(CCC2CC=CC2)c(=O)[nH]c1=O,370.52
CHEMBL564188,8.0,8.0,8.0,,,CHEMBL378,,Human immunodeficiency virus 1,,Antiviral activity against HIV1 infected in human HeLa cells expressing CD4-LTR assessed as inhibition of viral entry-related beta galactosidase expression treated for 2 hrs followed by drug wash out measured after 48 hrs by MAGI assay,Cc1cc(C)cc(Sc2c(C(C)C)c(=O)[nH]c(=O)n2CC2CCCCC2)c1,386.56
CHEMBL564797,11.0,11.0,11.0,,,CHEMBL378,,Human immunodeficiency virus 1,,Antiviral activity against HIV1 infected in human HeLa cells expressing CD4-LTR assessed as inhibition of viral entry-related beta galactosidase expression treated for 2 hrs followed by drug wash out measured after 48 hrs by MAGI assay,Cc1cc(C)cc(Sc2c(C(C)C)c(=O)[nH]c(=O)n2CCC2=CCCC2)c1,384.55
CHEMBL564867,270.0,270.0,270.0,,,CHEMBL378,,Human immunodeficiency virus 1,,Antiviral activity against HIV1 infected in human HeLa cells expressing CD4-LTR assessed as inhibition of viral entry-related beta galactosidase expression treated for 2 hrs followed by drug wash out measured after 48 hrs by MAGI assay,Cc1cc(C)cc(Oc2c(C(C)C)c(=O)[nH]c(=O)n2CC2CC2)c1,328.41
CHEMBL564915,80.0,80.0,80.0,,,CHEMBL378,,Human immunodeficiency virus 1,,Antiviral activity against HIV1 infected in human HeLa cells expressing CD4-LTR assessed as inhibition of viral entry-related beta galactosidase expression treated for 2 hrs followed by drug wash out measured after 48 hrs by MAGI assay,Cc1cc(C)cc(Sc2c(C(C)C)c(=O)[nH]c(=O)n2Cc2ccccc2)c1,380.51
CHEMBL565097,9.0,9.0,9.0,,,CHEMBL378,,Human immunodeficiency virus 1,,Antiviral activity against HIV1 infected in human HeLa cells expressing CD4-LTR assessed as inhibition of viral entry-related beta galactosidase expression treated for 2 hrs followed by drug wash out measured after 48 hrs by MAGI assay,CCc1c(Oc2cc(C)cc(C)c2)n(CC2=CCCC2)c(=O)[nH]c1=O,340.42
CHEMBL565434,31.0,31.0,31.0,,,CHEMBL612545,,Unchecked,,Inhibition of HIV1 NL4-3 gp160 assessed as inhibition of interaction between gp120 and host CD4 receptor by cell-cell fusion assay,CNC(=O)c1nccc2c(O[C@@H](C)C(=O)N3CCN(C(=O)c4ccccc4)C[C@H]3C)ccc(F)c12,478.52
CHEMBL565435,24.0,24.0,24.0,,,CHEMBL612545,,Unchecked,,Inhibition of HIV1 NL4-3 gp160 assessed as inhibition of interaction between gp120 and host CD4 receptor by cell-cell fusion assay,CNC(=O)c1cc(OC)c(O[C@@H](C)C(=O)N2CCN(c3nccc4[nH]cnc34)C[C@H]2C)cn1,453.50
CHEMBL566449,21.0,21.0,21.0,,,CHEMBL612545,,Unchecked,,Inhibition of HIV1 NL4-3 gp160 assessed as inhibition of interaction between gp120 and host CD4 receptor by cell-cell fusion assay,CNC(=O)c1nccc2c(O[C@@H](C)C(=O)N3CCN(C(=O)c4ccccc4)C[C@H]3C)cccc12,460.53
CHEMBL566450,24.0,24.0,24.0,,,CHEMBL612545,,Unchecked,,Inhibition of HIV1 NL4-3 gp160 assessed as inhibition of interaction between gp120 and host CD4 receptor by cell-cell fusion assay,CNC(=O)c1cc(OC)c(O[C@@H](C)C(=O)N2CCN(c3nccc4[nH]ncc34)C[C@H]2C)cn1,453.50
CHEMBL567504,78.0,78.0,78.0,,,CHEMBL612545,,Unchecked,,Inhibition of HIV1 NL4-3 gp160 assessed as inhibition of interaction between gp120 and host CD4 receptor by cell-cell fusion assay,CNC(=O)c1ccc2c(O[C@@H](C)C(=O)N3CCN(C(=O)c4ccccc4)C[C@H]3C)cccc2n1,460.53
CHEMBL568903,2.0,2.0,2.0,,,CHEMBL378,,Human immunodeficiency virus 1,,Antiviral activity against Human immunodeficiency virus 1 NL4-3 assessed as inhibition of viral entry in HeLaP4 cells after 5 days by beta galactosidase reporter assay,CNC(=O)c1cc(OC)c(O[C@@H](C)C(=O)N2CCN(C(=O)c3ccccc3)C[C@H]2C)cn1,440.50
CHEMBL569386,1260.0,1260.0,1260.0,,,CHEMBL612545,,Unchecked,,Inhibition of HIV1 NL4-3 gp160 assessed as inhibition of interaction between gp120 and host CD4 receptor by cell-cell fusion assay,CNC(=O)c1ccc(O[C@@H](C)C(=O)N2CCN(C(=O)c3ccccc3)C[C@H]2C)c2cccnc12,460.53
CHEMBL569457,61.0,61.0,61.0,,,CHEMBL612545,,Unchecked,,Inhibition of HIV1 NL4-3 gp160 assessed as inhibition of interaction between gp120 and host CD4 receptor by cell-cell fusion assay,CNc1nccc2c(O[C@@H](C)C(=O)N3CCN(C(=O)c4ccccc4)C[C@H]3C)cccc12,432.52
CHEMBL569615,99.0,99.0,99.0,,,CHEMBL612545,,Unchecked,,Inhibition of HIV1 NL4-3 gp160 assessed as inhibition of interaction between gp120 and host CD4 receptor by cell-cell fusion assay,CC(Oc1cccc2ncccc12)C(=O)N1CCN(C(=O)c2ccccc2)C[C@H]1C,403.48
CHEMBL569620,2040.0,2040.0,2040.0,,,CHEMBL612545,,Unchecked,,Inhibition of HIV1 NL4-3 gp160 assessed as inhibition of interaction between gp120 and host CD4 receptor by cell-cell fusion assay,Cc1nc2c(OC(C)C(=O)N3CCN(C(=O)c4ccccc4)C[C@H]3C)cccc2o1,407.47
CHEMBL569621,0.29,0.29,0.3,,,CHEMBL612545,,Unchecked,,Inhibition of HIV1 NL4-3 gp160 assessed as inhibition of interaction between gp120 and host CD4 receptor by cell-cell fusion assay,CNC(=O)c1cc(OC)c(O[C@@H](C)C(=O)N2CCN(c3nccc4ccccc34)C[C@H]2C)cn1,463.54
CHEMBL569851,29.0,29.0,29.0,,,CHEMBL612545,,Unchecked,,Inhibition of HIV1 NL4-3 gp160 assessed as inhibition of interaction between gp120 and host CD4 receptor by cell-cell fusion assay,CNC(=O)c1cc(OC)c(O[C@@H](C)C(=O)N2CCN(c3nccc4ncccc34)C[C@H]2C)cn1,464.53
CHEMBL570517,103.0,103.0,103.0,,,CHEMBL612545,,Unchecked,,Inhibition of HIV1 NL4-3 gp160 assessed as inhibition of interaction between gp120 and host CD4 receptor by cell-cell fusion assay,CC(Oc1cccc2cnccc12)C(=O)N1CCN(C(=O)c2ccccc2)C[C@H]1C,403.48
CHEMBL571218,834.0,834.0,834.0,,,CHEMBL612545,,Unchecked,,Inhibition of HIV1 NL4-3 gp160 assessed as inhibition of interaction between gp120 and host CD4 receptor by cell-cell fusion assay,Cc1nc2c(OC(C)C(=O)N3CCN(C(=O)c4ccccc4)C[C@H]3C)cccc2[nH]1,406.49
CHEMBL571243,493.0,493.0,493.0,,,CHEMBL612545,,Unchecked,,Inhibition of HIV1 NL4-3 gp160 assessed as inhibition of interaction between gp120 and host CD4 receptor by cell-cell fusion assay,CC(Oc1cccc2nccnc12)C(=O)N1CCN(C(=O)c2ccccc2)C[C@H]1C,404.47
CHEMBL571244,3200.0,3200.0,3200.0,,,CHEMBL612545,,Unchecked,,Inhibition of HIV1 NL4-3 gp160 assessed as inhibition of interaction between gp120 and host CD4 receptor by cell-cell fusion assay,C[C@H](Oc1cccc2nc(N(C)C)ccc12)C(=O)N1CCN(C(=O)c2ccccc2)C[C@H]1C,446.55
CHEMBL571424,1900.0,1900.0,1900.0,,,CHEMBL612545,,Unchecked,,Inhibition of HIV1 NL4-3 gp160 assessed as inhibition of interaction between gp120 and host CD4 receptor by cell-cell fusion assay,CNC(=O)c1cc(OC)c(O[C@@H](C)C(=O)N2CCN(c3nccn3CC3CC3)C[C@H]2C)cn1,456.55
CHEMBL571585,3.0,3.0,3.0,,,CHEMBL378,,Human immunodeficiency virus 1,,Antiviral activity against Human immunodeficiency virus 1 NL4-3 assessed as inhibition of viral entry in HeLaP4 cells after 5 days by beta galactosidase reporter assay,CNC(=O)c1ccc(O[C@@H](C)C(=O)N2CCN(C(=O)c3ccccc3)C[C@H]2C)c(OC)c1,439.51
CHEMBL571612,42.0,42.0,42.0,,,CHEMBL612545,,Unchecked,,Inhibition of HIV1 NL4-3 gp160 assessed as inhibition of interaction between gp120 and host CD4 receptor by cell-cell fusion assay,CNC(=O)c1cc(OC)c(O[C@@H](C)C(=O)N2CCN(c3n[nH]c4ccccc34)C[C@H]2C)cn1,452.52
CHEMBL571613,29.0,29.0,29.0,,,CHEMBL612545,,Unchecked,,Inhibition of HIV1 NL4-3 gp160 assessed as inhibition of interaction between gp120 and host CD4 receptor by cell-cell fusion assay,CNC(=O)c1cc(OC)c(O[C@@H](C)C(=O)N2CCN(c3nccc4[nH]ccc34)C[C@H]2C)cn1,452.52
CHEMBL571641,7430.0,7430.0,7430.0,,,CHEMBL612545,,Unchecked,,Inhibition of HIV1 NL4-3 gp160 assessed as inhibition of interaction between gp120 and host CD4 receptor by cell-cell fusion assay,CC(Oc1ccnc2ccccc12)C(=O)N1CCN(C(=O)c2ccccc2)C[C@H]1C,403.48
CHEMBL571888,123.0,123.0,123.0,,,CHEMBL612545,,Unchecked,,Inhibition of HIV1 NL4-3 gp160 assessed as inhibition of interaction between gp120 and host CD4 receptor by cell-cell fusion assay,CC(Oc1cccc2ccccc12)C(=O)N1CCN(C(=O)c2ccccc2)C[C@H]1C,402.49
CHEMBL572089,16.0,16.0,16.0,,,CHEMBL612545,,Unchecked,,Inhibition of HIV1 NL4-3 gp160 assessed as inhibition of interaction between gp120 and host CD4 receptor by cell-cell fusion assay,Cc1n[nH]c2cccc(OC(C)C(=O)N3CCN(C(=O)c4ccccc4)C[C@H]3C)c12,406.49
CHEMBL572320,433.0,433.0,433.0,,,CHEMBL612545,,Unchecked,,Inhibition of HIV1 NL4-3 gp160 assessed as inhibition of interaction between gp120 and host CD4 receptor by cell-cell fusion assay,CC(Oc1cccc2cccnc12)C(=O)N1CCN(C(=O)c2ccccc2)C[C@H]1C,403.48
CHEMBL572321,575.0,575.0,575.0,,,CHEMBL612545,,Unchecked,,Inhibition of HIV1 NL4-3 gp160 assessed as inhibition of interaction between gp120 and host CD4 receptor by cell-cell fusion assay,CC(Oc1cccc2ccncc12)C(=O)N1CCN(C(=O)c2ccccc2)C[C@H]1C,403.48
CHEMBL576074,296.0,296.0,296.0,,,CHEMBL612545,,Unchecked,,Inhibition of HIV1 NL4-3 gp160 assessed as inhibition of interaction between gp120 and host CD4 receptor by cell-cell fusion assay,CNC(=O)c1cc(OC)c(O[C@@H](C)C(=O)N2CCN(c3ncnc4[nH]cnc34)C[C@H]2C)cn1,454.49
CHEMBL576516,9370.0,9370.0,9370.0,,,CHEMBL612545,,Unchecked,,Inhibition of HIV1 NL4-3 gp160 assessed as inhibition of interaction between gp120 and host CD4 receptor by cell-cell fusion assay,CC(Oc1cncc2ccccc12)C(=O)N1CCN(C(=O)c2ccccc2)C[C@H]1C,403.48
CHEMBL577958,5.0,5.0,5.0,,,CHEMBL612545,,Unchecked,,Inhibition of HIV1 NL4-3 gp160 assessed as inhibition of interaction between gp120 and host CD4 receptor by cell-cell fusion assay,CNc1ccc2c(O[C@@H](C)C(=O)N3CCN(C(=O)c4ccccc4)C[C@H]3C)cccc2n1,432.52
CHEMBL584337,68.0,68.0,68.0,,,CHEMBL612545,,Unchecked,,Inhibition of HIV1 NL4-3 gp160 assessed as inhibition of interaction between gp120 and host CD4 receptor by cell-cell fusion assay,CC(Oc1cccc2c(=O)[nH]ccc12)C(=O)N1CCN(C(=O)c2ccccc2)C[C@H]1C,419.48
CHEMBL585160,15.0,15.0,15.0,,,CHEMBL612545,,Unchecked,,Inhibition of HIV1 NL4-3 gp160 assessed as inhibition of interaction between gp120 and host CD4 receptor by cell-cell fusion assay,Cc1nn(C)c2cccc(OC(C)C(=O)N3CCN(C(=O)c4ccccc4)C[C@H]3C)c12,420.51
CHEMBL586038,71.0,71.0,71.0,,,CHEMBL612545,,Unchecked,,Inhibition of HIV1 NL4-3 gp160 assessed as inhibition of interaction between gp120 and host CD4 receptor by cell-cell fusion assay,CNC(=O)c1cc(OC)c(O[C@@H](C)C(=O)N2CCN(c3ncccn3)C[C@H]2C)cn1,414.47
CHEMBL595044,8300.0,8300.0,8300.0,,,CHEMBL378,,Human immunodeficiency virus 1,,Antiviral activity against HIV1 3B in human MT2 cells assessed as inhibition of cell-cell fusion,Cc1ccc(C)n1-c1ccc(-c2ccc(CCC(=O)O)cc2)c(C(=O)O)c1,363.41
CHEMBL610200,3600.0,3600.0,3600.0,,,CHEMBL378,,Human immunodeficiency virus 1,,Antiviral activity against HIV1 3B in human MT2 cells assessed as inhibition of cell-cell fusion,Cc1ccc(C)n1-c1ccc(-c2ccc(/C=C/C(=O)O)cc2)c(C(=O)O)c1,361.40
CHEMBL76,160.0,160.0,160.0,,4.0,CHEMBL4662936,P0DTC2,Spike glycoprotein,Severe acute respiratory syndrome coronavirus 2,Inhibition of spike glycoprotein S in SARS-CoV-2 pseudovirus infected in human 293T/ACE2 cells assessed as inhibition of viral infection pretreated the virus for 30 mins followed by viral infection measured after 48 hrs by by luciferase reporter gene assay,CCN(CC)CCCC(C)Nc1ccnc2cc(Cl)ccc12,319.88
CHEMBL809,1440.0,3130.0,2285.0,,4.0,CHEMBL4434621,,Ebolavirus,,Antiviral activity against Ebolavirus infected in human HepG2 cells assessed as reduction in virus entry after 48 hrs by Celltiter-Glo luminescent assay,CN[C@H]1CC[C@@H](c2ccc(Cl)c(Cl)c2)c2ccccc21,306.24
